ID;soft d1;stiff d1;soft d3;stiff d3;soft d7;stiff d7;soft d14;stiff d14
ENSG00000000460;0;1;0;0;0;0;0;0
ENSG00000000938;0;0;0;0;0;0;1;0
ENSG00000001084;0;0;0;1;0;1;1;1
ENSG00000002745;0;1;0;0;0;0;0;0
ENSG00000002746;0;0;1;0;1;0;0;0
ENSG00000003137;0;0;0;0;1;1;1;1
ENSG00000003147;0;1;0;0;1;0;1;1
ENSG00000003400;0;0;0;1;0;0;0;0
ENSG00000003989;0;1;1;1;1;1;1;1
ENSG00000004799;1;1;1;1;1;1;1;1
ENSG00000005059;0;0;0;0;0;1;0;0
ENSG00000005108;0;0;0;0;1;0;1;0
ENSG00000005187;0;0;0;0;0;0;1;0
ENSG00000005189;0;1;0;0;0;1;0;0
ENSG00000005249;0;0;1;1;1;1;1;1
ENSG00000005513;0;1;0;0;0;0;0;0
ENSG00000006016;0;0;1;1;1;1;1;1
ENSG00000006062;0;1;0;0;0;0;0;0
ENSG00000006128;0;0;0;1;1;1;1;1
ENSG00000006210;0;0;0;0;0;0;1;1
ENSG00000006283;0;0;0;1;1;1;1;1
ENSG00000006432;0;1;0;0;0;0;0;0
ENSG00000006453;0;0;1;0;1;0;0;1
ENSG00000006459;0;1;0;0;0;0;0;0
ENSG00000006625;0;0;0;0;0;0;1;0
ENSG00000006638;0;0;0;0;0;0;1;0
ENSG00000007174;0;0;0;0;0;0;1;0
ENSG00000007237;0;0;0;0;0;0;1;1
ENSG00000007255;0;0;0;0;0;0;1;0
ENSG00000007314;0;0;0;0;0;0;1;0
ENSG00000007968;1;1;1;1;1;1;1;0
ENSG00000008083;1;1;0;0;0;0;0;0
ENSG00000008323;0;0;0;0;0;1;1;0
ENSG00000008394;0;0;0;0;1;0;1;1
ENSG00000008513;1;1;0;0;0;0;0;0
ENSG00000009950;0;0;0;0;1;0;1;1
ENSG00000010310;1;1;0;1;0;0;0;0
ENSG00000010319;0;0;0;0;1;1;1;1
ENSG00000010379;0;1;0;0;0;0;0;0
ENSG00000011201;1;1;1;1;0;0;0;1
ENSG00000011347;0;0;0;0;0;0;1;0
ENSG00000011426;1;1;1;1;1;1;1;1
ENSG00000011465;0;0;1;1;0;0;0;0
ENSG00000012048;0;1;0;1;0;0;0;0
ENSG00000012660;0;0;0;0;0;0;1;0
ENSG00000013293;1;1;0;1;0;0;0;0
ENSG00000013297;1;1;0;0;0;0;0;0
ENSG00000013588;0;1;1;1;1;0;1;1
ENSG00000013810;0;0;0;0;0;0;1;0
ENSG00000017373;0;0;0;0;0;0;1;0
ENSG00000017483;0;0;0;0;0;0;1;0
ENSG00000018625;0;0;1;0;1;0;1;1
ENSG00000019582;0;0;0;0;1;1;1;1
ENSG00000019991;0;0;1;1;1;1;1;1
ENSG00000021645;1;1;1;1;0;0;0;0
ENSG00000022267;0;0;0;0;0;0;1;0
ENSG00000023909;0;0;0;0;0;1;0;1
ENSG00000024526;1;1;1;0;1;0;1;0
ENSG00000025039;1;1;0;0;0;0;1;1
ENSG00000025423;0;1;0;0;0;0;0;0
ENSG00000025434;0;0;0;0;1;1;1;1
ENSG00000026559;1;1;1;1;1;1;1;1
ENSG00000028277;0;0;0;0;0;1;1;0
ENSG00000029534;0;0;0;1;1;0;1;1
ENSG00000029559;0;0;0;0;0;0;1;0
ENSG00000031691;0;1;0;0;0;0;0;0
ENSG00000034063;1;0;1;1;1;1;1;1
ENSG00000035499;1;1;1;1;1;0;0;1
ENSG00000036448;0;0;0;0;0;0;1;0
ENSG00000039537;0;0;0;0;0;0;1;1
ENSG00000042286;0;0;0;0;0;0;1;0
ENSG00000042445;0;0;0;0;0;0;1;1
ENSG00000042832;1;0;0;0;0;0;0;0
ENSG00000047457;0;0;0;0;1;0;0;1
ENSG00000047936;0;0;0;1;0;1;0;1
ENSG00000048540;1;1;0;0;0;0;0;0
ENSG00000049192;0;0;0;0;0;0;1;0
ENSG00000049540;0;0;0;1;1;1;1;1
ENSG00000050344;0;1;0;0;0;0;0;0
ENSG00000050628;0;0;0;0;1;0;1;1
ENSG00000051180;0;1;0;1;1;1;1;1
ENSG00000051341;0;1;0;1;1;0;1;1
ENSG00000051620;0;0;0;0;0;0;1;0
ENSG00000052802;0;0;0;0;1;1;1;1
ENSG00000053747;0;0;0;0;1;1;1;1
ENSG00000054356;0;0;0;1;0;0;0;0
ENSG00000054690;0;0;0;0;0;0;1;0
ENSG00000055163;0;0;0;0;0;0;0;1
ENSG00000055957;0;0;0;0;1;1;1;1
ENSG00000056998;0;0;0;0;1;0;1;0
ENSG00000057019;0;0;1;1;1;0;1;1
ENSG00000057294;0;0;0;0;0;0;1;0
ENSG00000057657;0;0;0;1;0;0;0;0
ENSG00000059377;0;0;0;1;0;0;0;0
ENSG00000059804;0;0;0;0;0;0;1;0
ENSG00000059915;0;1;0;0;0;0;0;0
ENSG00000060140;1;1;0;0;0;1;0;0
ENSG00000060762;0;0;0;0;1;0;1;0
ENSG00000061337;1;1;0;0;0;0;0;0
ENSG00000062282;0;0;1;1;1;1;1;1
ENSG00000063127;0;1;0;0;0;0;0;0
ENSG00000064199;0;1;0;0;0;0;0;0
ENSG00000064666;0;1;0;0;0;0;0;0
ENSG00000064886;0;0;1;0;1;1;1;1
ENSG00000064989;0;0;0;0;0;0;1;0
ENSG00000065320;1;1;1;0;0;0;0;1
ENSG00000065325;0;0;0;0;0;0;1;1
ENSG00000065328;0;1;0;1;1;0;1;1
ENSG00000065833;0;0;0;0;1;1;1;1
ENSG00000065923;0;0;0;0;0;0;1;0
ENSG00000066027;0;0;0;0;0;0;1;0
ENSG00000066279;1;1;1;1;1;1;1;1
ENSG00000066583;0;0;0;0;0;0;1;0
ENSG00000067064;0;0;0;0;1;1;1;1
ENSG00000067113;0;0;0;0;1;1;1;0
ENSG00000067177;1;1;0;0;0;0;0;0
ENSG00000067715;0;0;0;0;1;0;0;0
ENSG00000067798;1;1;0;0;0;0;0;0
ENSG00000068489;1;0;1;1;1;1;1;1
ENSG00000069535;0;0;1;0;1;0;1;1
ENSG00000069667;1;1;0;0;0;0;0;0
ENSG00000069696;0;0;0;0;1;0;0;0
ENSG00000070371;0;0;0;0;0;1;0;0
ENSG00000070669;0;0;0;1;1;1;1;1
ENSG00000071073;0;0;0;0;0;0;1;0
ENSG00000071539;0;0;1;1;1;1;0;0
ENSG00000072041;1;1;1;0;0;1;1;1
ENSG00000072182;0;1;0;0;0;0;0;0
ENSG00000072210;0;0;0;1;0;1;1;1
ENSG00000072571;1;1;0;1;1;1;1;1
ENSG00000072952;1;1;0;1;0;0;0;0
ENSG00000073060;0;0;0;0;0;0;1;0
ENSG00000073111;0;0;0;0;0;0;1;0
ENSG00000073150;1;1;0;0;0;0;0;1
ENSG00000073756;0;0;1;1;1;1;1;1
ENSG00000074527;0;0;1;0;1;0;1;0
ENSG00000075213;0;0;1;1;1;1;1;1
ENSG00000075218;1;1;0;1;1;1;1;0
ENSG00000075223;1;1;1;1;1;1;0;0
ENSG00000075624;0;1;0;0;0;0;0;0
ENSG00000075702;0;0;1;0;1;0;1;1
ENSG00000076258;0;1;0;0;0;0;0;0
ENSG00000076382;0;0;1;1;1;1;1;1
ENSG00000076555;0;0;1;1;1;1;1;1
ENSG00000076706;0;0;0;0;1;0;1;1
ENSG00000076716;0;0;0;0;1;0;1;0
ENSG00000077092;0;1;0;0;0;0;0;0
ENSG00000077152;0;0;1;1;0;1;1;0
ENSG00000077264;0;0;0;0;1;1;1;1
ENSG00000078018;0;0;0;1;1;1;1;1
ENSG00000078053;0;0;1;1;0;1;1;0
ENSG00000078098;0;0;0;0;1;1;1;1
ENSG00000078114;0;0;0;1;0;1;1;1
ENSG00000078269;0;0;0;0;0;0;1;0
ENSG00000078401;1;1;0;0;0;0;0;0
ENSG00000078725;0;0;1;1;1;1;1;1
ENSG00000079102;0;0;0;0;0;0;0;1
ENSG00000079257;1;1;1;1;1;1;1;1
ENSG00000079337;0;0;0;1;0;0;1;0
ENSG00000079435;0;0;0;0;1;1;1;1
ENSG00000079462;0;0;0;0;0;0;1;0
ENSG00000079819;0;0;0;1;0;0;1;0
ENSG00000079841;1;1;1;1;1;1;1;0
ENSG00000079931;0;0;1;1;1;1;1;1
ENSG00000080493;0;0;0;0;1;0;1;1
ENSG00000080561;0;1;0;0;0;0;0;0
ENSG00000080644;0;1;0;0;0;0;0;0
ENSG00000080823;1;1;0;0;0;0;0;0
ENSG00000080839;1;1;0;0;0;0;0;0
ENSG00000080854;0;1;0;0;0;0;0;0
ENSG00000080986;1;1;1;1;1;1;1;1
ENSG00000081041;1;0;0;0;1;0;1;1
ENSG00000081181;0;0;0;0;0;0;1;0
ENSG00000081923;1;1;1;1;0;0;1;0
ENSG00000082126;1;1;0;1;1;1;1;1
ENSG00000082438;0;1;0;0;0;0;0;0
ENSG00000082482;1;1;1;1;1;1;1;1
ENSG00000082556;0;0;0;0;0;0;1;0
ENSG00000083123;1;0;0;0;0;0;0;0
ENSG00000084674;0;0;0;0;1;0;1;1
ENSG00000084710;1;1;0;0;0;0;0;0
ENSG00000085265;0;0;0;0;0;0;1;0
ENSG00000085465;0;1;0;1;0;0;0;0
ENSG00000085662;0;0;1;0;0;1;1;1
ENSG00000085741;0;1;0;0;0;0;1;0
ENSG00000085840;1;0;0;0;0;0;0;0
ENSG00000085999;0;0;0;0;0;0;1;1
ENSG00000086300;0;0;0;0;1;0;1;0
ENSG00000087085;0;0;0;0;0;0;1;0
ENSG00000087253;0;0;0;0;0;0;1;0
ENSG00000087494;0;0;0;0;1;0;1;1
ENSG00000087586;1;1;1;1;0;1;1;1
ENSG00000087842;0;0;0;0;1;0;1;1
ENSG00000088325;1;1;1;1;1;1;1;1
ENSG00000088826;1;1;0;0;0;0;0;0
ENSG00000088836;0;1;0;1;1;0;0;1
ENSG00000089127;0;0;0;1;0;0;0;0
ENSG00000089685;1;1;1;1;1;1;1;1
ENSG00000089847;0;0;1;0;1;0;0;0
ENSG00000090376;1;1;0;0;0;0;0;0
ENSG00000090530;0;0;1;1;0;0;0;0
ENSG00000090889;0;1;1;1;1;1;1;1
ENSG00000090920;1;1;1;1;1;0;1;0
ENSG00000091129;0;0;0;1;1;1;1;1
ENSG00000091409;0;0;1;1;0;0;0;0
ENSG00000091513;0;0;1;0;0;1;1;1
ENSG00000091972;1;1;1;1;0;0;0;1
ENSG00000091986;0;0;1;1;1;1;1;1
ENSG00000092068;1;1;0;1;0;0;0;0
ENSG00000092421;0;1;0;0;0;0;0;0
ENSG00000092470;0;0;0;0;1;0;0;1
ENSG00000092841;0;1;0;1;0;0;0;0
ENSG00000092853;1;1;0;1;1;1;1;1
ENSG00000093009;1;1;1;0;1;0;1;1
ENSG00000093072;0;0;0;0;1;0;1;1
ENSG00000093144;0;0;0;0;0;0;1;0
ENSG00000094804;0;0;1;1;1;1;0;1
ENSG00000095203;0;1;0;0;0;0;0;0
ENSG00000095209;0;0;0;0;0;0;1;0
ENSG00000095383;0;0;0;0;0;0;1;0
ENSG00000095397;1;1;0;0;0;0;0;0
ENSG00000095587;1;0;1;0;1;1;0;0
ENSG00000095637;0;0;1;1;1;1;1;1
ENSG00000095970;0;0;0;1;0;1;0;0
ENSG00000096060;1;1;1;1;1;1;1;1
ENSG00000099194;0;0;0;0;1;1;1;1
ENSG00000099204;0;0;0;0;0;0;1;1
ENSG00000099282;0;0;0;0;1;0;1;1
ENSG00000099365;0;0;0;0;1;0;0;0
ENSG00000099866;1;1;0;0;0;0;0;0
ENSG00000099875;1;1;0;0;0;0;1;0
ENSG00000100003;1;1;0;0;0;0;0;0
ENSG00000100031;0;1;0;0;0;0;0;0
ENSG00000100033;0;0;0;0;0;0;0;1
ENSG00000100060;0;0;0;0;1;1;1;1
ENSG00000100065;0;0;0;0;0;0;1;0
ENSG00000100077;0;0;0;0;0;0;1;0
ENSG00000100097;0;1;0;1;0;0;0;0
ENSG00000100162;0;0;0;1;1;0;1;0
ENSG00000100228;0;0;0;0;0;0;1;0
ENSG00000100297;0;1;1;1;1;1;1;0
ENSG00000100302;1;1;0;0;0;0;0;0
ENSG00000100368;0;1;1;1;1;1;1;1
ENSG00000100427;1;0;1;1;1;1;1;1
ENSG00000100479;0;0;0;0;0;0;1;0
ENSG00000100505;1;1;0;1;0;1;0;0
ENSG00000100526;1;1;1;1;1;1;1;0
ENSG00000100558;0;0;1;0;0;0;1;0
ENSG00000100583;0;1;0;0;0;0;1;0
ENSG00000100599;0;0;0;0;0;0;0;1
ENSG00000100739;0;0;0;0;0;0;1;0
ENSG00000100784;0;1;0;0;0;0;0;0
ENSG00000100889;0;0;0;1;0;0;1;1
ENSG00000100890;0;1;0;0;0;0;0;0
ENSG00000101003;0;1;0;1;1;0;0;0
ENSG00000101057;0;1;1;1;1;1;1;1
ENSG00000101096;0;0;0;0;1;0;0;0
ENSG00000101134;0;0;0;0;0;0;0;1
ENSG00000101203;0;1;0;0;0;0;0;0
ENSG00000101222;0;1;0;0;0;0;0;0
ENSG00000101255;1;1;0;0;1;1;1;1
ENSG00000101280;0;0;0;0;1;0;0;1
ENSG00000101384;1;1;1;1;0;1;0;0
ENSG00000101425;0;0;1;0;0;0;0;0
ENSG00000101447;1;1;0;1;1;1;1;0
ENSG00000101605;0;0;0;0;0;0;1;0
ENSG00000101695;0;0;0;0;0;0;1;0
ENSG00000101825;0;0;1;1;1;1;0;1
ENSG00000101955;0;0;0;1;0;0;0;0
ENSG00000102271;0;0;0;0;0;1;1;0
ENSG00000102384;1;1;1;1;0;0;0;1
ENSG00000102385;0;0;0;0;0;0;1;0
ENSG00000102802;1;1;0;0;0;0;0;0
ENSG00000102996;1;1;0;0;0;0;0;0
ENSG00000103034;0;0;0;0;0;1;0;1
ENSG00000103044;1;1;1;1;0;0;0;0
ENSG00000103064;0;0;0;0;0;0;1;0
ENSG00000103175;0;0;0;1;1;0;0;0
ENSG00000103257;1;1;0;0;0;0;0;0
ENSG00000103269;0;0;0;0;0;1;0;0
ENSG00000103316;0;1;0;0;0;0;0;0
ENSG00000103404;0;1;0;0;0;0;0;0
ENSG00000103449;0;1;0;0;0;0;0;0
ENSG00000103528;0;0;0;0;0;0;1;0
ENSG00000103723;0;1;0;1;1;0;1;0
ENSG00000103888;0;0;0;0;0;1;1;1
ENSG00000103995;0;0;0;0;0;0;1;0
ENSG00000104147;0;0;1;0;0;0;0;0
ENSG00000104267;0;0;0;1;1;0;1;1
ENSG00000104368;0;0;1;1;1;1;1;1
ENSG00000104432;1;1;0;0;0;0;0;0
ENSG00000104611;0;0;0;0;1;0;0;0
ENSG00000104722;0;0;0;0;0;1;0;0
ENSG00000104783;0;0;0;0;1;0;0;0
ENSG00000104814;0;1;0;0;0;0;0;0
ENSG00000104881;0;0;0;0;0;0;1;0
ENSG00000104889;1;0;0;0;0;1;0;1
ENSG00000104899;0;1;0;0;0;0;0;0
ENSG00000105011;1;1;1;1;1;1;0;1
ENSG00000105357;0;0;0;0;1;0;1;1
ENSG00000105419;0;0;0;0;0;0;1;0
ENSG00000105509;1;1;0;0;0;0;0;0
ENSG00000105516;0;0;0;0;0;0;0;1
ENSG00000105643;1;1;0;0;0;0;0;0
ENSG00000105664;0;0;1;1;1;1;1;1
ENSG00000105711;0;0;0;0;0;0;0;1
ENSG00000105825;0;0;0;0;1;0;0;0
ENSG00000105835;0;0;0;1;0;1;1;1
ENSG00000105855;1;0;1;1;1;1;1;1
ENSG00000105880;1;0;0;0;0;0;0;0
ENSG00000105894;0;0;0;1;0;0;1;1
ENSG00000105974;1;1;0;0;0;0;0;0
ENSG00000105976;0;0;1;1;1;1;1;1
ENSG00000106025;0;0;0;0;0;0;1;0
ENSG00000106034;1;1;0;1;0;0;0;0
ENSG00000106070;0;1;0;0;0;0;0;0
ENSG00000106236;0;0;0;0;0;0;1;0
ENSG00000106268;0;1;0;1;0;0;0;0
ENSG00000106392;0;0;0;0;0;0;0;1
ENSG00000106404;0;1;0;0;0;0;0;0
ENSG00000106484;1;1;1;1;1;1;0;1
ENSG00000106511;1;1;1;0;0;0;0;0
ENSG00000106624;0;0;0;0;1;1;1;1
ENSG00000106772;0;0;0;0;0;0;1;0
ENSG00000106823;0;0;0;1;0;0;0;0
ENSG00000107249;1;1;0;0;0;0;0;0
ENSG00000107338;0;0;0;0;0;0;0;1
ENSG00000107731;0;1;0;0;0;0;0;1
ENSG00000107738;1;1;0;0;0;0;0;0
ENSG00000107742;1;1;0;1;0;0;0;0
ENSG00000107796;1;1;0;1;0;0;0;0
ENSG00000107821;0;0;1;1;0;0;1;1
ENSG00000107984;1;1;0;0;0;0;0;0
ENSG00000108370;0;1;0;0;0;0;0;0
ENSG00000108381;0;0;0;0;0;0;1;0
ENSG00000108387;0;0;1;1;1;1;1;1
ENSG00000108448;0;0;1;1;1;1;1;1
ENSG00000108551;1;1;1;1;1;0;1;0
ENSG00000108691;0;0;1;1;1;1;1;1
ENSG00000108786;0;0;0;0;0;0;1;0
ENSG00000108797;0;0;0;0;0;0;1;1
ENSG00000108821;0;0;0;1;0;0;0;0
ENSG00000108846;0;0;1;1;1;1;1;1
ENSG00000108852;0;0;1;0;0;0;1;0
ENSG00000108854;1;1;1;1;1;0;1;1
ENSG00000108947;0;0;0;0;0;0;0;1
ENSG00000108960;0;0;0;0;0;0;1;0
ENSG00000108984;0;0;1;0;0;0;1;0
ENSG00000109084;0;0;0;0;1;1;1;1
ENSG00000109321;1;1;0;0;0;0;0;0
ENSG00000109339;0;0;0;0;0;0;1;0
ENSG00000109452;0;0;0;0;0;0;1;0
ENSG00000109466;0;1;0;0;0;0;0;0
ENSG00000109472;0;0;0;1;1;0;1;0
ENSG00000109511;0;0;1;1;1;1;0;0
ENSG00000109674;1;1;1;0;1;1;1;1
ENSG00000109685;0;0;0;0;0;0;1;1
ENSG00000109743;0;0;0;0;0;1;1;1
ENSG00000109805;1;1;1;1;1;1;1;1
ENSG00000109819;1;1;1;1;1;1;1;1
ENSG00000109846;0;0;0;0;1;1;1;1
ENSG00000109881;0;0;1;0;0;0;1;0
ENSG00000109906;1;1;1;1;1;1;1;1
ENSG00000109929;0;0;0;0;0;0;1;0
ENSG00000109943;0;0;0;0;1;0;0;0
ENSG00000110031;0;0;1;0;1;0;0;1
ENSG00000110427;0;0;0;0;0;0;1;0
ENSG00000110436;0;0;1;0;1;0;0;0
ENSG00000110492;0;0;0;0;0;0;0;1
ENSG00000110675;1;1;0;1;0;0;0;0
ENSG00000110900;0;0;0;0;0;0;1;0
ENSG00000111052;0;0;0;0;0;0;0;1
ENSG00000111057;1;1;1;1;1;1;1;1
ENSG00000111206;1;1;1;1;1;1;1;1
ENSG00000111247;0;1;1;1;1;1;1;0
ENSG00000111275;0;0;0;1;1;1;1;1
ENSG00000111331;0;0;1;1;1;1;0;1
ENSG00000111341;1;0;0;0;1;0;1;0
ENSG00000111371;1;1;1;1;1;1;1;1
ENSG00000111665;0;1;0;1;1;0;1;1
ENSG00000111684;0;0;0;0;0;0;1;0
ENSG00000111728;0;0;0;0;1;0;0;0
ENSG00000111799;0;0;1;1;0;0;0;1
ENSG00000111802;0;0;0;0;0;0;0;1
ENSG00000111859;0;0;0;1;0;0;0;0
ENSG00000111907;0;0;1;0;0;1;0;0
ENSG00000111913;1;1;1;1;1;1;1;1
ENSG00000111981;1;1;1;1;1;0;0;1
ENSG00000112096;0;0;0;0;1;0;1;1
ENSG00000112186;0;1;0;0;1;0;1;0
ENSG00000112218;0;0;0;1;0;0;0;0
ENSG00000112293;0;0;0;0;0;0;1;0
ENSG00000112414;0;0;0;0;0;0;1;0
ENSG00000112715;0;0;0;0;1;0;1;0
ENSG00000112742;1;1;0;0;1;0;1;1
ENSG00000112936;0;0;0;0;0;0;1;0
ENSG00000112964;0;0;0;0;1;1;1;1
ENSG00000112972;0;0;0;0;1;1;1;1
ENSG00000112984;1;1;1;1;0;1;1;1
ENSG00000113083;0;0;1;1;1;0;0;0
ENSG00000113161;0;0;0;0;0;0;1;0
ENSG00000113231;0;0;0;0;0;0;1;0
ENSG00000113361;0;0;0;0;0;0;1;1
ENSG00000113368;1;1;1;1;1;1;1;1
ENSG00000113578;0;0;1;1;1;0;1;1
ENSG00000113657;0;0;1;1;1;1;0;1
ENSG00000113916;0;1;0;0;0;0;0;0
ENSG00000114019;1;1;0;0;0;0;0;0
ENSG00000114124;0;1;0;0;0;0;0;0
ENSG00000114270;1;1;0;1;0;1;0;1
ENSG00000114315;1;1;1;1;1;1;1;1
ENSG00000114346;1;0;1;1;0;0;1;0
ENSG00000114790;1;0;0;0;0;0;1;0
ENSG00000114948;0;0;0;0;1;0;0;0
ENSG00000115009;0;0;0;0;0;0;1;1
ENSG00000115041;0;0;0;0;1;0;0;0
ENSG00000115112;0;1;0;0;0;0;0;0
ENSG00000115163;1;1;1;0;1;1;1;1
ENSG00000115165;0;0;0;1;1;0;1;1
ENSG00000115363;1;1;0;1;1;0;1;1
ENSG00000115380;0;0;0;1;0;1;1;1
ENSG00000115415;1;1;0;0;0;0;0;0
ENSG00000115425;0;0;0;0;1;0;1;0
ENSG00000115457;0;0;0;0;0;1;1;1
ENSG00000115461;1;1;1;1;0;0;1;1
ENSG00000115468;0;0;0;0;1;1;1;1
ENSG00000115590;1;1;0;0;0;0;0;0
ENSG00000115594;1;1;0;0;0;0;0;0
ENSG00000115604;1;1;1;1;1;1;1;1
ENSG00000115687;0;1;0;0;0;0;0;0
ENSG00000115919;0;0;0;0;0;0;1;1
ENSG00000116133;0;0;0;0;1;1;1;1
ENSG00000116183;1;1;0;1;0;0;1;1
ENSG00000116191;1;1;0;0;0;0;0;0
ENSG00000116194;0;0;0;0;0;0;1;0
ENSG00000116254;0;1;0;0;0;0;0;0
ENSG00000116299;0;0;0;0;0;0;0;1
ENSG00000116661;1;0;1;0;0;0;0;0
ENSG00000116690;1;1;1;1;1;1;1;1
ENSG00000116741;1;1;0;0;0;0;0;0
ENSG00000116761;0;1;0;0;0;0;0;0
ENSG00000116771;0;0;0;0;0;1;0;0
ENSG00000116815;1;1;0;0;0;0;0;0
ENSG00000116990;1;1;0;1;0;0;0;0
ENSG00000117054;0;0;0;0;0;0;1;0
ENSG00000117152;1;1;1;1;1;0;1;1
ENSG00000117226;0;1;0;1;0;0;0;0
ENSG00000117228;1;1;0;0;0;0;0;0
ENSG00000117399;1;1;0;0;1;0;1;1
ENSG00000117479;1;1;0;0;0;0;0;0
ENSG00000117594;1;1;1;1;1;1;1;1
ENSG00000117632;1;1;1;1;1;1;1;1
ENSG00000117650;1;1;1;1;1;1;1;1
ENSG00000117724;1;1;1;1;1;1;1;1
ENSG00000118160;0;1;0;0;0;0;0;0
ENSG00000118193;1;1;1;1;1;0;1;1
ENSG00000118292;0;0;0;1;0;1;0;1
ENSG00000118432;0;0;0;1;0;0;1;1
ENSG00000118514;1;1;0;0;0;0;0;0
ENSG00000118523;1;1;0;0;0;0;0;0
ENSG00000118785;0;0;0;0;0;0;1;1
ENSG00000118849;0;0;1;1;1;1;0;1
ENSG00000118971;0;0;0;0;1;1;1;1
ENSG00000119138;1;0;0;0;0;0;0;0
ENSG00000119280;0;1;0;0;0;0;0;0
ENSG00000119283;0;0;0;0;0;0;1;0
ENSG00000119326;1;1;1;1;0;1;0;1
ENSG00000119508;0;0;1;1;1;1;0;1
ENSG00000119673;0;0;0;0;0;0;1;0
ENSG00000119686;1;1;0;1;1;0;1;0
ENSG00000119699;0;0;0;0;1;0;1;0
ENSG00000119714;0;0;0;0;0;0;1;0
ENSG00000119771;0;1;0;0;0;0;0;0
ENSG00000119915;0;0;0;0;1;0;0;0
ENSG00000119927;0;0;1;0;1;1;1;1
ENSG00000119929;0;0;0;0;0;0;1;0
ENSG00000119969;1;1;0;0;1;0;0;0
ENSG00000120049;0;0;0;0;1;1;1;1
ENSG00000120129;1;1;0;0;0;0;0;0
ENSG00000120156;0;0;1;1;1;0;1;0
ENSG00000120278;0;1;0;1;0;0;0;0
ENSG00000120437;0;0;0;0;1;1;1;1
ENSG00000120659;1;1;1;1;0;0;0;1
ENSG00000120802;0;0;0;0;0;0;1;0
ENSG00000120832;0;0;0;0;0;0;1;0
ENSG00000120833;0;1;0;0;0;0;0;0
ENSG00000120875;1;1;0;1;0;0;1;0
ENSG00000120913;0;1;0;0;0;0;0;0
ENSG00000121005;0;0;0;0;0;0;0;1
ENSG00000121039;0;0;0;0;0;0;1;0
ENSG00000121152;1;1;1;1;1;0;1;1
ENSG00000121211;0;0;1;1;1;0;1;0
ENSG00000121236;0;1;0;0;0;0;0;0
ENSG00000121552;0;0;0;0;1;0;0;0
ENSG00000121577;0;1;0;0;0;0;0;0
ENSG00000121621;1;1;1;0;1;1;1;1
ENSG00000121691;0;0;0;0;0;0;1;0
ENSG00000121769;1;1;1;1;1;1;1;1
ENSG00000121957;0;0;0;0;0;0;1;0
ENSG00000122254;0;0;1;0;1;0;1;1
ENSG00000122641;0;0;0;0;1;0;1;1
ENSG00000122756;0;0;0;0;0;0;1;0
ENSG00000122861;0;0;1;1;1;1;1;1
ENSG00000122952;1;1;1;1;1;1;1;1
ENSG00000122966;0;0;1;1;1;1;1;1
ENSG00000122971;0;0;0;0;0;0;1;0
ENSG00000123080;0;1;0;0;1;0;1;0
ENSG00000123219;0;0;1;1;0;1;1;0
ENSG00000123243;0;0;0;0;1;1;1;1
ENSG00000123358;0;0;1;1;1;1;0;0
ENSG00000123360;0;0;0;0;1;1;1;1
ENSG00000123416;1;1;0;0;0;0;0;0
ENSG00000123485;1;1;1;0;1;0;1;0
ENSG00000123500;0;0;0;0;1;0;0;0
ENSG00000123612;0;1;0;0;1;1;1;0
ENSG00000123689;1;1;1;1;1;1;1;1
ENSG00000123700;1;1;0;0;0;0;1;0
ENSG00000123975;0;1;0;0;0;1;0;1
ENSG00000123999;0;1;1;0;0;0;0;0
ENSG00000124003;0;0;0;0;1;0;1;0
ENSG00000124212;1;1;0;1;1;1;0;0
ENSG00000124215;0;0;0;1;0;0;0;0
ENSG00000124225;1;1;0;0;0;0;0;0
ENSG00000124253;0;0;1;1;1;0;1;1
ENSG00000124256;0;1;0;0;0;0;0;0
ENSG00000124440;0;0;0;0;0;1;0;0
ENSG00000124479;0;1;0;0;0;0;0;0
ENSG00000124588;0;0;0;0;1;0;1;0
ENSG00000124593;0;1;0;0;0;0;0;0
ENSG00000124875;1;0;0;0;0;0;0;0
ENSG00000125089;1;1;0;0;0;0;0;0
ENSG00000125144;0;0;1;0;1;1;1;1
ENSG00000125378;0;0;0;0;1;0;1;0
ENSG00000125538;1;1;1;1;1;0;0;0
ENSG00000125740;1;1;1;1;1;1;1;1
ENSG00000125845;1;1;0;1;0;0;0;0
ENSG00000125848;0;1;0;0;0;0;0;0
ENSG00000125931;0;0;0;0;0;0;1;0
ENSG00000125965;1;1;0;0;1;0;1;1
ENSG00000125968;0;0;1;0;1;0;0;0
ENSG00000126106;0;0;0;0;1;0;0;0
ENSG00000126561;0;0;0;0;1;1;1;0
ENSG00000126787;1;1;1;0;1;0;1;0
ENSG00000126860;0;0;0;0;1;0;0;0
ENSG00000127083;0;0;0;0;1;0;1;1
ENSG00000127472;1;1;1;1;1;0;1;0
ENSG00000127528;1;1;0;1;1;1;1;1
ENSG00000127533;1;1;0;0;0;0;0;0
ENSG00000127564;1;1;0;1;0;1;1;0
ENSG00000127578;0;1;0;0;0;0;0;0
ENSG00000127946;1;1;0;0;0;0;0;0
ENSG00000127954;1;1;0;0;1;1;0;0
ENSG00000128039;0;0;0;0;0;0;1;0
ENSG00000128045;1;1;1;1;1;0;1;1
ENSG00000128165;0;0;0;1;1;1;1;1
ENSG00000128262;1;0;0;0;0;0;0;0
ENSG00000128268;0;0;0;0;0;0;1;0
ENSG00000128342;0;0;1;1;1;0;0;0
ENSG00000128510;0;1;1;1;1;1;1;1
ENSG00000128567;0;0;0;0;0;1;0;0
ENSG00000128578;0;0;0;0;0;1;0;0
ENSG00000128606;0;1;1;1;1;0;1;1
ENSG00000129151;0;0;0;0;1;0;1;0
ENSG00000129173;1;1;0;1;1;1;0;1
ENSG00000129195;1;1;1;1;1;0;1;1
ENSG00000129235;0;1;0;0;0;0;0;0
ENSG00000129270;0;0;1;0;1;1;1;1
ENSG00000129465;0;0;0;0;0;1;1;0
ENSG00000129467;0;0;0;0;0;0;0;1
ENSG00000129595;0;1;0;0;0;0;0;0
ENSG00000129596;0;0;1;0;1;1;1;1
ENSG00000129646;1;1;0;0;0;0;0;0
ENSG00000129682;0;0;0;0;0;0;1;0
ENSG00000129810;1;1;1;1;1;0;0;1
ENSG00000129910;0;0;0;1;0;0;0;0
ENSG00000129988;0;0;0;0;0;1;0;0
ENSG00000130066;1;0;0;0;1;0;1;0
ENSG00000130176;0;1;1;1;0;1;0;1
ENSG00000130193;0;0;0;0;1;0;1;0
ENSG00000130203;0;0;0;0;1;0;1;0
ENSG00000130208;0;0;0;0;0;0;1;0
ENSG00000130224;0;0;0;0;0;0;1;1
ENSG00000130303;0;0;0;1;1;1;1;1
ENSG00000130513;0;1;0;0;0;0;0;0
ENSG00000130518;0;0;0;0;1;1;1;1
ENSG00000130707;0;0;0;0;1;0;1;1
ENSG00000130766;1;1;0;0;0;0;0;0
ENSG00000130876;0;0;0;0;1;1;1;1
ENSG00000130988;0;0;0;1;0;0;0;1
ENSG00000130997;1;1;0;0;0;0;0;0
ENSG00000131069;0;0;0;0;1;1;1;1
ENSG00000131153;1;1;1;1;1;1;1;1
ENSG00000131386;0;1;1;1;0;0;1;1
ENSG00000131470;0;0;0;0;1;0;1;0
ENSG00000131471;1;1;1;1;1;1;1;1
ENSG00000131477;0;0;0;0;1;0;1;0
ENSG00000131480;1;1;1;1;1;1;1;1
ENSG00000131730;0;0;0;0;1;0;1;0
ENSG00000131737;0;0;0;1;0;0;1;0
ENSG00000131747;1;1;1;1;1;1;1;1
ENSG00000131773;0;0;0;1;0;0;0;0
ENSG00000131943;0;0;0;0;0;0;1;0
ENSG00000132170;0;0;0;0;1;1;1;1
ENSG00000132196;0;0;0;0;0;0;1;0
ENSG00000132205;0;0;0;0;1;0;1;0
ENSG00000132326;0;0;1;1;1;0;1;1
ENSG00000132329;0;0;0;0;1;1;1;0
ENSG00000132688;0;0;1;1;0;0;0;1
ENSG00000132846;1;1;1;1;1;0;1;1
ENSG00000133056;0;0;0;0;0;0;1;0
ENSG00000133069;0;0;0;0;0;0;1;0
ENSG00000133083;0;0;0;1;0;0;0;0
ENSG00000133105;0;1;1;1;0;0;1;0
ENSG00000133106;0;0;0;0;1;0;0;0
ENSG00000133107;0;1;0;0;1;0;0;0
ENSG00000133110;0;0;1;1;1;1;1;1
ENSG00000133116;0;0;0;0;1;0;1;0
ENSG00000133169;0;1;1;1;1;0;1;1
ENSG00000133317;0;0;1;0;1;1;1;1
ENSG00000133321;0;1;0;1;0;1;0;0
ENSG00000133401;0;1;0;0;0;0;1;0
ENSG00000133874;0;0;1;1;1;0;1;0
ENSG00000134013;0;0;0;1;0;0;1;1
ENSG00000134028;0;0;0;0;0;0;1;0
ENSG00000134042;0;0;1;1;1;0;1;1
ENSG00000134057;1;1;1;1;1;1;1;1
ENSG00000134107;0;0;1;1;1;1;1;1
ENSG00000134198;1;0;0;0;0;0;0;0
ENSG00000134215;0;0;0;0;0;0;1;1
ENSG00000134222;0;0;0;0;0;0;1;0
ENSG00000134243;0;0;0;0;1;1;1;1
ENSG00000134256;0;1;0;0;0;0;0;0
ENSG00000134321;0;0;0;0;0;0;0;1
ENSG00000134324;0;0;0;0;0;0;1;0
ENSG00000134326;0;0;0;1;1;0;0;0
ENSG00000134343;0;0;0;1;0;0;0;0
ENSG00000134516;0;0;1;0;0;0;1;0
ENSG00000134627;0;1;0;0;0;0;0;0
ENSG00000134686;0;1;0;0;0;0;0;0
ENSG00000134690;0;1;0;1;1;0;1;1
ENSG00000134824;0;0;0;0;1;1;1;1
ENSG00000134830;1;1;0;0;0;0;0;1
ENSG00000134962;0;0;0;0;1;1;1;1
ENSG00000134986;0;0;1;1;0;0;0;0
ENSG00000135069;1;1;1;1;1;1;1;1
ENSG00000135074;0;0;1;1;1;1;1;1
ENSG00000135077;0;0;0;0;0;0;1;0
ENSG00000135111;1;1;0;0;0;0;0;0
ENSG00000135218;0;0;0;0;0;0;1;1
ENSG00000135245;0;0;0;0;1;0;1;0
ENSG00000135248;0;1;0;0;0;0;0;0
ENSG00000135318;0;0;1;0;0;0;1;0
ENSG00000135333;0;1;0;1;1;1;0;1
ENSG00000135362;1;1;0;0;0;0;0;0
ENSG00000135378;1;1;0;0;0;0;0;0
ENSG00000135436;0;1;0;0;0;0;0;0
ENSG00000135447;0;0;0;0;1;0;1;1
ENSG00000135451;1;1;1;1;1;1;1;1
ENSG00000135454;1;1;0;0;1;1;0;1
ENSG00000135480;0;1;0;0;0;0;0;0
ENSG00000135502;0;0;0;0;0;1;0;1
ENSG00000135525;0;1;0;0;0;0;0;0
ENSG00000135540;0;1;0;0;0;0;0;0
ENSG00000135604;0;1;0;0;1;0;1;0
ENSG00000135678;0;0;0;1;1;1;1;1
ENSG00000135709;1;0;0;0;0;0;0;0
ENSG00000135821;0;0;0;0;1;1;1;1
ENSG00000135842;1;1;0;1;1;1;1;1
ENSG00000135917;0;0;1;1;1;1;1;1
ENSG00000136040;0;0;0;0;0;0;0;1
ENSG00000136114;1;0;0;0;0;0;0;1
ENSG00000136153;1;1;1;1;0;0;0;0
ENSG00000136160;1;1;1;1;1;1;1;1
ENSG00000136231;0;0;1;0;0;0;1;0
ENSG00000136244;1;0;1;1;1;1;1;1
ENSG00000136371;0;0;0;0;0;1;0;0
ENSG00000136379;0;1;0;0;0;0;0;0
ENSG00000136383;1;1;0;0;0;0;0;0
ENSG00000136492;1;1;1;1;1;0;1;1
ENSG00000136531;0;0;0;0;1;0;0;0
ENSG00000136541;0;1;0;0;0;1;0;1
ENSG00000136542;0;0;0;0;0;0;1;0
ENSG00000136783;0;1;0;0;0;0;0;0
ENSG00000136842;1;1;1;1;1;1;1;1
ENSG00000136999;0;0;0;0;0;0;1;1
ENSG00000137168;0;1;0;0;0;0;0;0
ENSG00000137193;1;0;0;0;0;0;0;0
ENSG00000137198;0;0;0;1;1;0;1;1
ENSG00000137261;0;0;0;0;0;0;0;1
ENSG00000137266;0;1;0;0;0;0;0;0
ENSG00000137285;0;0;0;1;0;0;0;0
ENSG00000137310;1;1;1;1;1;0;1;0
ENSG00000137331;0;0;0;0;1;0;1;0
ENSG00000137404;0;0;0;0;0;1;1;0
ENSG00000137474;1;1;0;0;0;0;0;0
ENSG00000137501;0;0;0;0;0;1;1;0
ENSG00000137507;0;0;0;1;0;0;0;0
ENSG00000137571;1;1;0;0;0;0;0;0
ENSG00000137673;0;0;0;0;1;0;0;0
ENSG00000137745;0;0;1;1;0;0;0;0
ENSG00000137752;0;1;0;0;0;0;0;0
ENSG00000137801;1;1;1;1;0;0;0;0
ENSG00000137804;1;1;1;1;1;0;1;1
ENSG00000137807;1;1;1;1;1;1;1;1
ENSG00000137812;1;1;1;0;1;0;1;0
ENSG00000137825;1;1;0;0;0;0;0;0
ENSG00000137831;0;1;0;0;0;0;1;0
ENSG00000137869;0;0;0;1;0;0;1;0
ENSG00000137880;0;0;0;0;1;0;1;0
ENSG00000137962;1;1;0;0;0;0;0;0
ENSG00000138131;0;1;1;1;1;1;1;1
ENSG00000138134;0;1;0;0;0;0;0;0
ENSG00000138160;1;1;1;1;1;1;1;1
ENSG00000138166;0;1;0;0;0;0;0;0
ENSG00000138180;1;1;1;1;1;1;1;0
ENSG00000138182;1;1;1;1;1;1;1;0
ENSG00000138193;1;1;1;0;0;0;0;1
ENSG00000138207;0;0;0;0;1;1;1;1
ENSG00000138316;0;0;0;1;0;0;0;0
ENSG00000138336;0;0;0;0;0;0;0;1
ENSG00000138347;0;0;0;1;0;0;0;0
ENSG00000138356;0;1;0;0;0;0;0;0
ENSG00000138376;0;1;0;1;0;0;0;0
ENSG00000138378;0;1;0;0;0;0;0;0
ENSG00000138395;1;1;1;1;0;0;0;0
ENSG00000138411;0;0;1;1;1;0;0;1
ENSG00000138413;0;0;0;0;1;1;1;1
ENSG00000138449;0;0;1;1;1;1;1;1
ENSG00000138468;0;1;0;0;0;0;0;0
ENSG00000138587;0;1;0;0;0;0;0;0
ENSG00000138623;0;0;1;0;0;0;0;0
ENSG00000138642;0;0;1;1;1;1;1;1
ENSG00000138650;0;0;1;0;1;1;1;0
ENSG00000138675;1;1;1;1;1;0;1;1
ENSG00000138678;1;1;0;0;0;0;1;0
ENSG00000138735;1;1;1;1;1;1;1;1
ENSG00000138771;1;1;0;0;0;0;0;0
ENSG00000138778;1;1;1;1;1;1;1;0
ENSG00000138796;0;0;0;0;1;0;1;1
ENSG00000139112;0;1;0;0;0;0;0;0
ENSG00000139174;0;1;0;1;0;1;1;1
ENSG00000139209;0;0;0;0;0;0;1;0
ENSG00000139278;0;0;0;1;0;0;1;0
ENSG00000139304;0;1;0;1;0;0;0;0
ENSG00000139428;0;0;0;0;1;0;1;0
ENSG00000139629;0;0;0;0;1;0;1;1
ENSG00000139631;0;0;0;0;1;0;1;0
ENSG00000139734;1;1;1;1;1;1;1;1
ENSG00000139970;0;0;0;0;0;1;0;0
ENSG00000140022;0;1;0;0;0;0;0;0
ENSG00000140025;0;0;0;1;0;0;0;0
ENSG00000140297;0;1;0;1;0;0;0;0
ENSG00000140416;1;1;0;1;0;0;0;0
ENSG00000140465;0;0;0;0;0;0;1;0
ENSG00000140470;1;1;1;1;1;1;1;1
ENSG00000140525;1;1;1;1;1;1;1;1
ENSG00000140534;1;1;0;1;0;1;1;0
ENSG00000140807;0;1;0;0;0;0;0;0
ENSG00000140839;0;1;0;0;0;0;0;0
ENSG00000141052;0;1;1;0;0;1;1;0
ENSG00000141068;1;1;0;0;0;0;0;0
ENSG00000141150;0;0;0;0;1;0;1;0
ENSG00000141314;0;1;0;0;0;0;0;0
ENSG00000141338;0;1;0;0;0;0;0;0
ENSG00000141401;1;1;0;0;0;0;0;0
ENSG00000141404;1;1;1;1;1;1;1;1
ENSG00000141441;0;1;0;0;0;0;0;0
ENSG00000141448;1;1;1;1;1;1;1;0
ENSG00000141469;0;1;1;1;1;1;1;1
ENSG00000141574;0;1;0;0;0;0;1;0
ENSG00000141576;1;1;0;0;0;0;1;1
ENSG00000141682;1;1;0;0;0;0;0;0
ENSG00000141934;0;1;0;0;0;0;0;0
ENSG00000142178;0;0;0;0;0;0;1;0
ENSG00000142494;0;0;0;0;0;0;1;0
ENSG00000142583;0;0;1;1;1;0;0;0
ENSG00000142632;1;1;1;1;1;1;1;1
ENSG00000142657;0;0;0;0;1;1;1;1
ENSG00000142661;1;1;0;0;0;0;0;0
ENSG00000142731;1;1;1;1;1;1;0;1
ENSG00000142871;1;1;0;0;0;0;0;0
ENSG00000142910;0;0;1;1;0;0;0;0
ENSG00000142945;1;1;1;1;1;0;1;1
ENSG00000142949;0;0;0;1;0;0;0;0
ENSG00000143028;1;1;0;0;1;0;1;0
ENSG00000143196;0;0;0;0;0;0;1;0
ENSG00000143217;0;1;0;0;0;0;0;0
ENSG00000143228;1;1;0;1;1;0;1;0
ENSG00000143320;0;0;1;1;1;1;0;0
ENSG00000143341;0;0;0;1;0;0;1;1
ENSG00000143369;0;0;0;0;1;0;1;1
ENSG00000143476;1;1;0;1;1;1;0;1
ENSG00000143494;1;1;0;0;0;0;0;0
ENSG00000143554;0;0;0;0;1;1;1;1
ENSG00000143631;1;1;1;1;1;1;1;1
ENSG00000143674;0;0;1;0;0;0;0;0
ENSG00000143702;0;0;1;0;1;0;1;0
ENSG00000143816;0;1;0;0;0;0;0;0
ENSG00000143819;0;0;1;1;1;1;1;1
ENSG00000143867;1;1;0;0;0;0;0;0
ENSG00000143942;0;1;0;0;0;0;0;0
ENSG00000144218;0;1;1;0;0;0;1;0
ENSG00000144354;1;1;0;0;0;0;0;0
ENSG00000144362;0;0;0;0;0;0;1;0
ENSG00000144481;0;1;0;0;0;0;0;0
ENSG00000144485;0;0;0;0;1;1;0;1
ENSG00000144554;1;1;0;1;1;0;1;0
ENSG00000144583;1;1;1;1;0;0;1;0
ENSG00000144642;0;1;0;0;0;0;0;0
ENSG00000144655;0;0;1;1;1;1;1;1
ENSG00000144668;0;0;0;0;0;0;1;1
ENSG00000144681;0;1;0;0;0;0;1;1
ENSG00000144810;0;0;0;1;0;0;0;0
ENSG00000144824;1;1;1;1;1;1;1;1
ENSG00000144891;0;0;0;0;1;1;1;1
ENSG00000144908;0;0;1;1;1;1;1;1
ENSG00000144959;0;0;0;0;1;0;1;0
ENSG00000145040;1;1;0;0;0;0;0;0
ENSG00000145147;0;0;0;0;0;0;1;0
ENSG00000145194;0;1;0;0;0;0;0;0
ENSG00000145247;0;0;0;0;1;0;0;0
ENSG00000145358;0;0;0;0;1;0;1;0
ENSG00000145386;1;1;1;1;1;1;1;1
ENSG00000145423;0;1;1;1;1;1;1;1
ENSG00000145506;1;1;0;1;0;0;0;0
ENSG00000145536;0;0;0;1;0;1;1;1
ENSG00000145632;1;0;0;0;0;0;0;1
ENSG00000145681;0;0;0;0;0;1;0;0
ENSG00000145708;1;1;0;0;0;0;0;0
ENSG00000145757;0;0;0;0;1;0;1;0
ENSG00000145794;0;0;0;0;0;0;1;0
ENSG00000145936;0;1;0;0;0;0;0;0
ENSG00000145949;1;1;0;0;0;0;0;0
ENSG00000146197;0;1;1;1;0;0;0;0
ENSG00000146221;0;1;0;0;0;0;0;0
ENSG00000146376;1;1;0;0;0;0;0;0
ENSG00000146410;0;0;1;0;0;0;1;0
ENSG00000146555;0;0;0;0;0;0;1;0
ENSG00000146670;1;1;1;1;1;1;1;1
ENSG00000146674;0;0;1;1;1;1;1;1
ENSG00000146859;0;0;0;0;0;0;1;1
ENSG00000147119;1;1;1;1;0;0;0;1
ENSG00000147174;0;1;0;0;0;0;0;0
ENSG00000147231;0;0;0;0;0;0;1;0
ENSG00000147251;0;0;0;0;0;0;1;0
ENSG00000147255;0;1;0;1;1;1;1;1
ENSG00000147383;0;0;0;0;1;0;1;0
ENSG00000147394;0;0;0;0;1;0;1;0
ENSG00000147576;0;0;0;0;0;0;0;1
ENSG00000147614;1;1;0;0;0;0;0;0
ENSG00000147642;1;1;0;0;0;0;1;0
ENSG00000147852;1;1;0;0;1;0;1;1
ENSG00000147872;0;0;0;0;1;1;1;1
ENSG00000147894;0;1;0;0;0;0;1;0
ENSG00000148154;1;1;0;0;0;0;0;0
ENSG00000148175;0;0;0;0;1;0;1;0
ENSG00000148357;0;1;0;0;0;0;0;0
ENSG00000148459;1;0;0;0;0;0;0;0
ENSG00000148541;0;0;0;1;0;0;0;0
ENSG00000148600;0;0;0;0;1;0;1;0
ENSG00000148671;0;0;0;1;0;0;1;0
ENSG00000148677;0;1;1;1;0;0;0;0
ENSG00000148680;0;0;0;0;0;0;1;1
ENSG00000148773;1;1;1;0;1;1;1;0
ENSG00000148841;0;1;0;0;0;0;0;0
ENSG00000148842;1;1;0;0;0;0;0;0
ENSG00000149090;0;0;1;1;1;1;1;1
ENSG00000149201;0;0;0;0;1;0;0;0
ENSG00000149380;1;1;0;0;0;0;0;0
ENSG00000149451;0;0;0;0;0;0;0;1
ENSG00000149485;1;1;1;1;1;1;1;1
ENSG00000149548;0;1;0;0;0;0;0;0
ENSG00000149571;0;0;1;0;0;0;0;0
ENSG00000149591;0;1;0;1;0;0;0;0
ENSG00000149599;1;1;0;0;0;0;0;0
ENSG00000149633;1;1;1;0;1;1;1;1
ENSG00000149809;0;0;0;0;1;1;1;1
ENSG00000149968;0;1;0;1;0;0;0;0
ENSG00000150281;0;0;0;0;1;0;0;0
ENSG00000150540;0;1;0;0;0;0;0;0
ENSG00000150551;1;1;1;1;1;1;1;1
ENSG00000150556;1;1;0;0;0;1;1;1
ENSG00000150630;0;1;0;0;0;0;1;1
ENSG00000150687;0;0;1;1;0;0;0;0
ENSG00000150764;1;0;0;0;0;0;0;0
ENSG00000150768;0;0;0;0;1;0;1;0
ENSG00000150907;1;1;1;1;1;1;1;1
ENSG00000150938;1;1;0;0;0;0;0;0
ENSG00000150995;0;1;0;1;0;0;0;0
ENSG00000151012;1;1;1;1;1;1;1;1
ENSG00000151131;0;0;0;0;0;0;1;0
ENSG00000151136;1;1;1;1;1;1;1;1
ENSG00000151150;1;1;1;1;1;1;1;1
ENSG00000151364;0;0;1;0;0;0;0;0
ENSG00000151365;0;0;0;0;1;1;1;1
ENSG00000151376;0;0;0;1;0;0;0;0
ENSG00000151388;0;0;1;1;0;0;1;1
ENSG00000151414;0;0;1;0;1;0;0;0
ENSG00000151474;1;1;0;0;0;0;0;0
ENSG00000151617;1;1;0;0;0;0;0;0
ENSG00000151632;1;1;1;1;1;1;1;1
ENSG00000151692;1;1;1;1;0;0;0;0
ENSG00000151725;1;1;1;1;0;1;0;1
ENSG00000151726;1;1;1;1;1;1;1;1
ENSG00000151882;0;0;0;0;0;0;1;0
ENSG00000151967;1;0;0;1;0;0;0;0
ENSG00000152049;0;0;0;0;0;0;1;0
ENSG00000152078;0;0;0;0;0;0;1;1
ENSG00000152253;1;0;1;1;1;1;1;1
ENSG00000152268;0;0;0;0;1;1;1;1
ENSG00000152270;1;0;1;1;1;1;1;1
ENSG00000152463;1;1;1;1;1;1;1;1
ENSG00000152465;1;1;0;0;0;0;0;0
ENSG00000152503;0;0;0;0;0;1;0;0
ENSG00000152583;0;0;1;0;1;1;1;1
ENSG00000152642;0;0;0;0;1;1;1;0
ENSG00000152760;0;1;0;0;0;0;1;0
ENSG00000152784;0;0;0;0;0;0;1;1
ENSG00000152910;0;1;0;0;0;0;0;0
ENSG00000152926;0;0;0;0;0;0;1;0
ENSG00000153044;1;1;0;1;0;1;0;0
ENSG00000153094;1;1;0;0;0;0;0;0
ENSG00000153162;1;1;1;1;1;1;1;1
ENSG00000153208;1;1;0;0;0;0;0;0
ENSG00000153234;0;0;0;0;0;0;1;0
ENSG00000153253;1;1;1;1;0;1;0;1
ENSG00000153404;0;0;0;1;1;0;1;0
ENSG00000153485;0;0;0;0;0;0;1;0
ENSG00000153561;0;1;0;0;0;0;0;0
ENSG00000153823;0;1;1;1;0;1;0;1
ENSG00000153904;1;1;0;0;0;0;0;0
ENSG00000153956;0;1;1;1;1;1;1;1
ENSG00000154027;0;0;1;1;1;1;1;1
ENSG00000154065;0;0;0;0;1;1;1;0
ENSG00000154096;0;0;1;1;0;0;0;0
ENSG00000154133;0;0;0;1;0;0;0;0
ENSG00000154153;0;1;1;1;1;1;1;1
ENSG00000154175;0;0;1;1;1;1;1;1
ENSG00000154188;1;1;0;0;0;0;0;0
ENSG00000154258;0;1;1;1;1;1;1;1
ENSG00000154310;0;0;0;0;0;0;0;1
ENSG00000154529;1;0;0;0;0;0;0;0
ENSG00000154556;1;1;0;0;0;0;0;0
ENSG00000154654;1;1;0;0;0;0;1;0
ENSG00000154678;1;1;1;1;0;0;0;1
ENSG00000154734;1;1;1;1;0;0;1;1
ENSG00000154736;0;0;1;1;1;1;1;1
ENSG00000154760;1;0;1;0;0;0;1;0
ENSG00000154839;1;1;1;1;1;0;0;1
ENSG00000154856;0;0;0;0;1;0;1;0
ENSG00000154864;1;0;0;0;0;0;0;0
ENSG00000154920;1;1;1;1;1;1;0;1
ENSG00000154928;0;1;0;0;0;0;0;0
ENSG00000154930;1;1;1;0;0;0;1;0
ENSG00000155011;0;1;0;0;0;0;0;0
ENSG00000155130;1;1;1;1;0;0;0;1
ENSG00000155265;1;1;0;0;0;0;0;0
ENSG00000155368;0;0;0;0;1;0;1;0
ENSG00000155428;0;1;0;0;0;0;0;0
ENSG00000155657;0;0;0;1;1;0;1;1
ENSG00000155754;0;0;0;0;0;0;1;0
ENSG00000155755;0;0;0;0;1;0;0;0
ENSG00000155792;1;1;1;1;0;1;0;1
ENSG00000155816;1;1;1;1;0;0;1;0
ENSG00000155846;0;0;0;0;1;1;1;1
ENSG00000155961;0;1;0;0;0;0;0;0
ENSG00000156049;0;1;0;1;0;0;0;1
ENSG00000156103;0;0;1;1;1;1;1;1
ENSG00000156127;0;0;0;0;0;0;1;0
ENSG00000156234;0;0;1;0;0;0;1;0
ENSG00000156265;0;0;1;1;1;0;1;0
ENSG00000156298;0;0;0;0;0;1;1;1
ENSG00000156299;0;0;0;0;1;1;0;0
ENSG00000156463;0;0;1;0;0;0;1;0
ENSG00000156466;0;0;1;1;0;0;0;0
ENSG00000156486;1;0;0;0;0;0;0;0
ENSG00000156509;0;1;0;0;0;0;1;0
ENSG00000156711;0;0;0;1;1;1;0;0
ENSG00000156802;0;0;0;0;0;0;1;0
ENSG00000156804;1;1;0;0;0;0;0;0
ENSG00000156970;1;1;0;0;1;1;1;1
ENSG00000157111;0;0;0;0;0;0;1;0
ENSG00000157150;0;1;1;1;1;1;1;1
ENSG00000157152;0;0;1;1;1;1;1;1
ENSG00000157168;1;1;1;1;1;1;1;1
ENSG00000157193;0;0;0;1;0;0;0;0
ENSG00000157456;1;1;0;1;1;0;1;1
ENSG00000157510;0;0;0;0;1;1;1;1
ENSG00000157514;1;1;1;1;1;1;1;1
ENSG00000157557;0;1;0;0;0;0;0;0
ENSG00000157570;0;1;0;1;0;0;0;0
ENSG00000157601;0;0;0;0;1;0;0;0
ENSG00000158008;1;1;1;1;0;0;1;1
ENSG00000158055;0;0;0;1;1;0;1;0
ENSG00000158158;0;1;0;0;0;0;0;0
ENSG00000158164;0;0;0;0;0;1;0;1
ENSG00000158270;0;0;1;1;1;1;0;1
ENSG00000158315;0;1;0;0;1;0;0;1
ENSG00000158402;1;1;1;0;1;1;1;0
ENSG00000158406;0;0;0;0;0;0;1;0
ENSG00000158445;0;0;0;0;0;0;1;0
ENSG00000158571;0;0;0;0;1;0;1;0
ENSG00000158716;0;0;1;0;0;0;0;0
ENSG00000158859;1;1;0;0;0;0;0;0
ENSG00000159199;0;1;0;0;0;0;0;0
ENSG00000159208;0;0;0;0;1;1;0;1
ENSG00000159212;0;1;0;1;1;0;1;0
ENSG00000159314;0;1;0;0;0;0;0;0
ENSG00000159640;0;0;0;1;1;1;1;1
ENSG00000159871;1;0;0;0;0;0;0;0
ENSG00000160013;0;0;0;0;0;0;1;0
ENSG00000160111;0;0;0;0;0;0;1;1
ENSG00000160191;0;1;0;0;0;0;0;0
ENSG00000160200;1;1;0;0;1;1;1;1
ENSG00000160223;0;1;0;0;0;0;0;1
ENSG00000160307;1;1;0;0;0;0;0;0
ENSG00000160339;0;0;0;0;0;0;1;0
ENSG00000160752;0;0;0;0;1;0;1;0
ENSG00000160781;0;1;0;0;0;0;0;0
ENSG00000160801;0;0;0;0;1;0;1;0
ENSG00000160862;0;0;0;0;1;1;1;1
ENSG00000160957;0;0;0;0;0;0;1;0
ENSG00000161011;0;0;0;0;0;0;0;1
ENSG00000161267;0;1;0;0;0;0;0;0
ENSG00000161281;0;1;0;0;0;0;0;0
ENSG00000161381;1;1;0;0;0;0;0;0
ENSG00000161509;0;1;0;0;0;0;0;0
ENSG00000161642;1;1;0;0;0;0;0;0
ENSG00000161800;0;0;0;0;1;1;0;0
ENSG00000161847;0;0;0;0;0;0;1;0
ENSG00000161888;0;1;1;1;1;0;1;1
ENSG00000162062;0;0;0;0;0;0;1;0
ENSG00000162063;0;0;0;0;0;1;1;1
ENSG00000162105;0;0;0;0;0;0;0;1
ENSG00000162433;0;0;0;0;0;0;1;0
ENSG00000162490;0;1;0;0;0;0;0;0
ENSG00000162496;0;1;1;1;1;1;0;1
ENSG00000162526;0;0;0;0;0;0;0;1
ENSG00000162591;0;0;1;1;1;1;1;1
ENSG00000162618;0;0;0;0;1;0;1;0
ENSG00000162630;1;1;1;1;1;1;1;0
ENSG00000162645;0;0;0;1;0;0;0;0
ENSG00000162692;1;1;0;1;0;0;0;0
ENSG00000162706;0;0;0;0;0;0;1;0
ENSG00000162772;0;0;0;0;1;0;0;0
ENSG00000162877;0;0;0;0;1;1;0;1
ENSG00000162878;0;0;0;0;1;0;1;1
ENSG00000162946;0;0;0;0;0;0;1;0
ENSG00000162998;0;0;0;0;1;1;1;1
ENSG00000163053;0;1;0;0;0;0;0;0
ENSG00000163083;0;0;1;1;1;1;1;1
ENSG00000163131;0;0;1;1;0;1;1;0
ENSG00000163171;1;1;0;0;0;0;0;0
ENSG00000163364;0;0;0;0;0;0;1;1
ENSG00000163394;0;0;1;0;1;0;1;0
ENSG00000163431;0;1;0;1;0;0;0;0
ENSG00000163449;1;1;0;0;0;0;0;0
ENSG00000163491;0;0;1;1;1;0;1;1
ENSG00000163507;0;0;0;0;1;0;1;0
ENSG00000163535;1;0;0;0;0;0;1;0
ENSG00000163584;0;1;0;0;0;0;0;0
ENSG00000163590;1;1;1;1;1;1;1;1
ENSG00000163637;1;1;0;0;0;0;0;0
ENSG00000163638;0;0;0;0;1;0;1;0
ENSG00000163661;1;1;0;0;0;0;0;0
ENSG00000163686;0;1;0;0;0;0;0;0
ENSG00000163808;1;1;1;1;1;1;1;0
ENSG00000163814;0;0;1;0;1;1;1;0
ENSG00000163827;0;1;1;1;1;0;0;0
ENSG00000163884;1;1;1;1;1;1;1;1
ENSG00000163909;1;1;1;1;1;0;1;1
ENSG00000163923;0;1;0;1;0;0;0;0
ENSG00000163993;0;0;0;0;0;0;1;1
ENSG00000163995;0;0;0;1;0;0;0;0
ENSG00000164037;0;1;0;0;0;0;0;0
ENSG00000164045;0;0;0;1;0;0;0;0
ENSG00000164056;0;0;0;0;0;0;1;0
ENSG00000164070;0;1;0;1;0;0;0;0
ENSG00000164099;0;0;1;0;0;1;0;0
ENSG00000164106;0;0;0;0;1;0;1;0
ENSG00000164109;1;1;1;1;0;0;0;1
ENSG00000164125;0;0;0;0;1;0;1;1
ENSG00000164136;0;0;0;0;1;1;0;0
ENSG00000164161;0;0;1;1;0;0;1;0
ENSG00000164241;0;0;0;0;0;0;1;0
ENSG00000164251;0;0;1;1;1;1;1;0
ENSG00000164266;0;1;0;0;0;0;0;0
ENSG00000164283;1;1;1;1;1;1;1;1
ENSG00000164344;0;1;0;0;0;0;0;0
ENSG00000164379;0;0;0;0;0;0;1;0
ENSG00000164404;0;1;0;0;0;0;0;0
ENSG00000164483;1;1;1;1;1;1;1;1
ENSG00000164484;1;1;1;1;1;1;1;1
ENSG00000164604;0;1;0;0;0;0;0;0
ENSG00000164611;1;1;1;1;1;1;1;0
ENSG00000164649;1;0;0;0;0;0;0;0
ENSG00000164674;0;1;0;0;0;0;0;0
ENSG00000164683;0;0;1;0;0;0;0;0
ENSG00000164684;0;1;0;0;0;0;0;0
ENSG00000164687;0;0;1;1;1;1;1;1
ENSG00000164741;1;1;0;0;0;0;0;0
ENSG00000164761;1;1;1;1;0;1;0;0
ENSG00000164845;1;0;0;0;0;0;0;0
ENSG00000164849;1;0;0;0;0;0;0;0
ENSG00000164850;0;0;0;0;1;0;0;0
ENSG00000164879;0;0;0;0;0;0;1;0
ENSG00000164938;0;1;0;0;0;0;0;0
ENSG00000165046;0;0;0;1;0;0;0;0
ENSG00000165072;1;1;1;1;1;0;1;1
ENSG00000165113;0;0;0;0;0;0;1;0
ENSG00000165124;0;1;0;0;0;0;0;0
ENSG00000165197;0;0;1;0;1;1;1;0
ENSG00000165244;1;1;1;1;1;1;1;1
ENSG00000165269;0;0;1;1;1;1;1;1
ENSG00000165272;0;0;0;0;1;0;1;1
ENSG00000165304;1;1;1;0;1;1;1;1
ENSG00000165323;0;0;0;0;1;1;0;1
ENSG00000165434;1;1;0;0;0;0;0;0
ENSG00000165474;1;1;0;0;0;0;0;0
ENSG00000165480;1;1;1;1;0;1;0;0
ENSG00000165633;1;1;0;0;0;0;0;0
ENSG00000165891;0;0;0;0;1;0;1;0
ENSG00000165923;0;0;0;0;0;0;1;0
ENSG00000165949;0;0;1;1;1;0;1;1
ENSG00000165959;0;0;1;1;1;1;1;1
ENSG00000165983;0;0;0;0;0;0;1;0
ENSG00000165995;0;0;0;0;0;0;1;1
ENSG00000166016;1;0;0;0;0;0;0;0
ENSG00000166106;1;1;0;0;0;0;0;0
ENSG00000166145;0;1;0;0;0;0;0;0
ENSG00000166257;0;0;0;1;0;0;0;0
ENSG00000166292;1;1;1;1;1;1;1;0
ENSG00000166347;0;0;0;0;1;1;1;1
ENSG00000166483;0;0;0;1;1;0;1;1
ENSG00000166510;0;0;0;0;0;1;0;1
ENSG00000166575;0;0;0;0;1;0;1;0
ENSG00000166592;1;0;0;0;1;1;0;1
ENSG00000166670;1;1;0;0;0;0;0;0
ENSG00000166689;0;0;0;0;0;0;1;0
ENSG00000166803;0;1;1;1;1;0;1;1
ENSG00000166816;0;0;0;0;1;0;1;0
ENSG00000166819;0;0;1;1;1;0;1;1
ENSG00000166821;0;0;1;1;1;1;1;1
ENSG00000166823;0;0;0;0;1;0;1;0
ENSG00000166839;0;0;0;0;0;0;0;1
ENSG00000166851;1;1;1;0;1;0;1;1
ENSG00000166896;0;0;0;0;0;0;1;0
ENSG00000166922;0;0;0;0;0;0;1;0
ENSG00000166949;1;1;0;0;1;0;0;0
ENSG00000167034;0;1;0;0;0;0;0;0
ENSG00000167106;0;1;0;0;0;0;0;0
ENSG00000167107;0;0;0;0;0;0;1;0
ENSG00000167315;0;0;0;0;0;0;1;0
ENSG00000167487;1;1;0;0;0;0;0;0
ENSG00000167508;0;0;0;0;1;0;1;0
ENSG00000167550;0;1;0;0;0;0;0;0
ENSG00000167552;1;1;0;0;0;0;0;0
ENSG00000167588;0;1;1;0;1;1;1;1
ENSG00000167601;0;0;0;0;0;0;1;0
ENSG00000167613;0;0;0;0;1;0;1;0
ENSG00000167676;0;0;1;1;1;1;1;1
ENSG00000167701;0;0;0;0;1;0;1;0
ENSG00000167702;0;0;0;1;0;0;0;0
ENSG00000167711;1;1;0;1;0;0;0;0
ENSG00000167767;1;0;1;1;0;1;1;0
ENSG00000167772;1;1;0;0;1;1;0;1
ENSG00000167779;0;0;0;0;1;1;1;1
ENSG00000167900;1;1;1;1;1;1;1;1
ENSG00000167964;0;0;0;0;1;0;0;0
ENSG00000167995;0;0;0;0;1;1;1;1
ENSG00000168003;1;1;0;0;0;0;0;0
ENSG00000168004;0;0;0;0;1;0;1;1
ENSG00000168032;0;0;0;0;0;1;0;0
ENSG00000168056;0;0;0;0;0;0;1;0
ENSG00000168078;1;1;1;0;1;1;1;1
ENSG00000168079;0;0;0;0;0;0;1;1
ENSG00000168229;0;1;0;1;0;0;0;0
ENSG00000168309;0;0;0;0;0;0;0;1
ENSG00000168386;0;1;0;1;0;0;0;0
ENSG00000168389;0;1;0;0;0;0;0;0
ENSG00000168405;1;1;1;0;0;0;0;1
ENSG00000168421;0;0;0;0;1;0;0;0
ENSG00000168497;1;0;0;0;0;0;0;0
ENSG00000168679;0;0;0;0;0;0;1;0
ENSG00000168685;1;0;1;1;1;0;1;1
ENSG00000168702;0;0;1;1;1;1;1;1
ENSG00000168758;0;0;0;0;0;0;1;1
ENSG00000168811;1;0;0;0;0;0;0;0
ENSG00000169083;0;0;0;0;0;0;0;1
ENSG00000169116;0;0;1;1;1;1;1;1
ENSG00000169174;1;0;0;0;1;0;1;1
ENSG00000169184;0;0;1;0;0;0;0;0
ENSG00000169213;0;0;1;0;0;0;1;1
ENSG00000169239;0;0;0;0;1;0;1;0
ENSG00000169242;0;0;0;0;1;0;1;0
ENSG00000169297;0;0;0;0;0;0;1;1
ENSG00000169302;0;0;1;1;1;1;1;1
ENSG00000169313;0;0;0;0;0;0;1;0
ENSG00000169330;0;1;0;0;0;0;0;0
ENSG00000169418;0;0;0;0;0;0;1;0
ENSG00000169429;0;1;1;1;1;1;1;1
ENSG00000169432;0;1;0;0;0;0;0;0
ENSG00000169436;0;0;1;1;1;0;1;1
ENSG00000169583;0;0;0;1;1;0;0;0
ENSG00000169607;0;1;0;1;1;1;1;0
ENSG00000169635;0;0;0;0;0;0;0;1
ENSG00000169679;1;1;1;1;1;0;1;1
ENSG00000169684;0;1;0;0;0;0;0;0
ENSG00000169692;0;0;0;0;1;0;1;0
ENSG00000169710;0;0;0;0;1;1;1;1
ENSG00000169744;1;1;1;1;0;1;1;1
ENSG00000169760;0;1;0;0;0;0;0;0
ENSG00000169891;1;0;1;1;1;1;1;1
ENSG00000169994;0;1;1;0;0;0;0;0
ENSG00000170054;0;0;1;0;0;0;0;1
ENSG00000170091;1;1;0;0;0;0;0;0
ENSG00000170145;1;1;0;0;0;0;0;0
ENSG00000170262;0;0;1;0;0;1;1;1
ENSG00000170312;1;1;1;1;1;1;1;0
ENSG00000170323;0;0;0;0;0;0;1;1
ENSG00000170345;0;0;1;1;1;1;1;1
ENSG00000170374;0;0;0;0;1;1;1;0
ENSG00000170412;1;0;0;0;0;0;0;0
ENSG00000170421;0;0;0;0;1;0;0;0
ENSG00000170425;0;0;0;0;0;0;0;1
ENSG00000170458;0;0;0;0;0;0;1;0
ENSG00000170500;0;1;0;0;0;0;0;0
ENSG00000170571;0;0;0;0;1;1;1;0
ENSG00000170775;0;0;0;0;0;0;1;0
ENSG00000170860;0;1;0;0;0;0;0;0
ENSG00000170893;0;0;0;0;1;0;1;1
ENSG00000170961;1;1;0;1;1;1;1;1
ENSG00000171051;1;0;1;1;0;0;0;0
ENSG00000171241;1;1;0;1;1;1;1;1
ENSG00000171246;0;0;0;0;0;0;1;1
ENSG00000171303;0;0;1;1;1;1;1;1
ENSG00000171320;1;1;0;1;1;1;1;0
ENSG00000171345;0;1;1;1;1;1;1;1
ENSG00000171346;0;0;0;1;1;1;1;1
ENSG00000171476;0;0;0;0;0;0;1;0
ENSG00000171509;1;1;0;0;0;0;0;0
ENSG00000171596;0;0;0;0;1;0;1;0
ENSG00000171617;1;1;0;0;0;0;0;0
ENSG00000171631;0;1;1;1;1;1;1;1
ENSG00000171659;0;0;0;0;1;0;1;0
ENSG00000171680;0;0;0;0;0;0;1;0
ENSG00000171724;0;0;0;0;0;0;1;0
ENSG00000171729;1;1;0;0;0;0;0;0
ENSG00000171791;0;0;0;0;0;0;1;0
ENSG00000171812;0;0;0;0;1;0;1;0
ENSG00000171840;1;0;0;0;0;0;1;0
ENSG00000171848;1;1;1;1;1;1;1;1
ENSG00000171877;0;0;0;0;1;0;0;0
ENSG00000171951;0;1;0;0;0;0;0;0
ENSG00000171962;0;0;0;0;1;0;0;0
ENSG00000171992;0;1;0;0;0;0;0;0
ENSG00000172020;0;0;1;0;1;1;1;0
ENSG00000172061;0;0;0;0;1;0;0;0
ENSG00000172115;0;0;0;0;0;0;1;0
ENSG00000172216;1;1;0;0;0;0;0;0
ENSG00000172296;0;0;0;0;0;0;0;1
ENSG00000172318;0;0;1;1;1;0;1;1
ENSG00000172345;1;0;0;0;0;0;0;1
ENSG00000172348;1;1;0;1;0;0;0;0
ENSG00000172349;1;1;0;0;1;0;0;0
ENSG00000172379;0;0;0;0;0;0;1;0
ENSG00000172403;1;1;1;1;1;1;1;1
ENSG00000172716;0;0;0;1;0;0;0;0
ENSG00000172840;0;0;0;0;0;0;1;0
ENSG00000172901;0;0;0;0;1;0;1;0
ENSG00000172927;0;0;1;1;1;1;0;1
ENSG00000172965;0;1;0;0;0;0;0;0
ENSG00000173110;0;1;0;0;0;0;0;0
ENSG00000173114;0;1;1;0;0;1;0;0
ENSG00000173175;0;0;0;0;0;0;1;0
ENSG00000173208;0;0;1;1;1;1;1;1
ENSG00000173210;1;1;0;0;0;0;0;1
ENSG00000173227;1;0;1;1;1;1;0;1
ENSG00000173267;0;0;0;1;0;0;0;0
ENSG00000173269;0;0;0;0;1;0;0;1
ENSG00000173334;0;0;1;0;1;0;0;0
ENSG00000173376;0;1;0;0;0;0;0;0
ENSG00000173432;0;0;0;0;0;0;1;1
ENSG00000173546;1;1;0;0;0;0;0;0
ENSG00000173559;1;1;0;0;0;0;0;0
ENSG00000173698;0;0;0;0;1;0;1;1
ENSG00000173706;0;0;0;1;1;0;1;1
ENSG00000173715;0;0;0;0;1;0;0;0
ENSG00000173898;0;1;0;0;0;0;0;0
ENSG00000173918;0;0;1;0;1;1;1;1
ENSG00000174343;1;1;0;0;0;0;0;0
ENSG00000174371;1;1;1;0;1;0;0;1
ENSG00000174469;0;0;0;0;1;1;0;0
ENSG00000174611;0;0;1;0;1;1;1;0
ENSG00000174669;0;0;0;0;0;0;1;0
ENSG00000174705;1;1;0;0;0;0;0;0
ENSG00000174804;1;0;1;0;1;1;1;1
ENSG00000175040;0;0;1;0;1;1;1;1
ENSG00000175063;1;1;1;1;1;1;1;0
ENSG00000175155;1;1;0;0;0;0;0;0
ENSG00000175264;0;0;1;0;0;0;0;0
ENSG00000175305;0;0;1;1;1;1;0;1
ENSG00000175315;0;0;0;0;0;0;1;0
ENSG00000175426;1;1;1;1;1;1;1;1
ENSG00000175445;0;0;0;1;1;1;1;1
ENSG00000175449;1;1;0;0;0;0;0;0
ENSG00000175471;0;0;0;1;1;1;1;1
ENSG00000175556;0;0;0;1;1;0;1;1
ENSG00000175567;0;0;0;0;0;0;0;1
ENSG00000175591;0;0;1;1;0;0;0;0
ENSG00000175600;0;1;0;0;1;0;0;0
ENSG00000175745;0;0;0;0;0;1;0;1
ENSG00000175898;0;0;0;0;0;1;0;0
ENSG00000175899;0;0;0;0;1;0;0;1
ENSG00000176194;0;0;0;0;1;0;1;0
ENSG00000176208;1;1;0;0;0;0;0;1
ENSG00000176318;0;0;0;1;0;0;0;0
ENSG00000176485;0;0;0;0;1;0;1;1
ENSG00000176641;0;0;0;0;0;0;1;0
ENSG00000176771;1;1;1;1;1;1;1;1
ENSG00000176890;1;0;0;0;0;0;0;0
ENSG00000176928;0;0;1;0;0;0;0;0
ENSG00000176945;1;1;0;0;0;0;0;0
ENSG00000176974;0;0;0;0;0;0;1;0
ENSG00000177076;1;0;0;1;1;1;1;0
ENSG00000177106;0;0;0;0;0;0;1;0
ENSG00000177234;0;1;0;0;0;0;0;0
ENSG00000177363;0;0;1;0;0;0;0;0
ENSG00000177453;0;1;0;0;0;0;0;0
ENSG00000177469;0;1;0;0;0;0;0;0
ENSG00000177570;0;1;1;0;1;0;1;1
ENSG00000177602;0;0;0;1;0;0;0;0
ENSG00000177614;0;0;0;1;0;0;1;0
ENSG00000177666;0;0;0;0;1;0;1;1
ENSG00000177679;0;0;0;0;1;1;0;0
ENSG00000177694;0;1;0;0;0;0;0;0
ENSG00000178031;0;1;1;1;1;1;1;1
ENSG00000178033;0;1;0;0;0;0;0;0
ENSG00000178075;0;0;0;0;1;0;0;0
ENSG00000178146;0;1;0;0;0;0;0;0
ENSG00000178301;0;0;0;0;1;0;1;0
ENSG00000178401;1;0;0;1;0;0;0;0
ENSG00000178445;0;0;0;0;0;0;0;1
ENSG00000178607;1;1;0;0;0;0;0;0
ENSG00000178718;1;0;0;0;0;0;0;0
ENSG00000178734;1;1;0;0;1;0;1;0
ENSG00000178772;0;0;0;0;0;0;1;0
ENSG00000178776;0;0;0;1;0;0;1;0
ENSG00000178852;0;1;0;0;0;0;0;0
ENSG00000178878;0;0;1;0;1;0;0;1
ENSG00000178882;1;1;1;1;0;0;1;1
ENSG00000178977;1;0;0;0;0;0;0;0
ENSG00000178999;1;1;1;1;0;0;1;1
ENSG00000179111;1;1;0;0;0;0;0;0
ENSG00000179141;0;1;0;0;0;0;0;0
ENSG00000179168;0;0;0;0;0;0;1;0
ENSG00000179240;0;0;0;1;0;0;0;0
ENSG00000179361;0;0;0;0;0;0;0;1
ENSG00000179397;1;0;0;0;0;0;0;0
ENSG00000179532;1;1;0;0;1;0;0;0
ENSG00000179583;0;1;0;0;0;1;0;0
ENSG00000179593;1;1;0;1;0;1;1;0
ENSG00000179750;0;1;0;1;0;0;1;1
ENSG00000179846;1;1;0;0;0;0;0;0
ENSG00000179921;0;0;0;0;1;0;0;0
ENSG00000180354;0;0;0;0;0;0;1;0
ENSG00000180447;1;1;1;1;0;1;1;0
ENSG00000180537;0;0;0;0;1;0;0;0
ENSG00000180616;1;1;1;1;1;0;1;1
ENSG00000180777;0;0;0;1;1;0;1;0
ENSG00000180875;0;0;1;0;0;0;1;0
ENSG00000181072;1;1;1;1;1;1;1;1
ENSG00000181092;0;0;1;1;1;1;1;1
ENSG00000181104;0;0;0;0;1;0;1;0
ENSG00000181195;0;0;0;0;0;0;1;0
ENSG00000181234;0;0;0;0;1;0;1;0
ENSG00000181381;0;0;0;0;0;0;1;0
ENSG00000181544;1;1;0;0;0;0;0;0
ENSG00000181634;0;1;1;1;1;1;1;1
ENSG00000181819;0;0;0;0;0;0;1;0
ENSG00000181856;0;0;0;0;0;0;1;0
ENSG00000181885;0;0;0;0;0;0;0;1
ENSG00000181997;0;0;0;0;0;0;1;1
ENSG00000182010;1;1;1;1;0;0;1;1
ENSG00000182118;0;0;0;0;0;0;1;0
ENSG00000182308;0;1;0;0;0;0;0;0
ENSG00000182366;0;1;0;0;0;0;0;0
ENSG00000182378;0;0;0;0;0;0;1;0
ENSG00000182397;0;1;0;1;0;0;0;0
ENSG00000182511;0;0;0;0;0;0;1;0
ENSG00000182518;0;1;0;0;0;0;0;0
ENSG00000182580;0;0;0;0;0;0;1;0
ENSG00000182612;0;0;0;0;1;0;0;0
ENSG00000182628;1;1;0;0;0;0;0;0
ENSG00000182667;0;0;0;0;1;1;1;1
ENSG00000182704;1;1;0;0;0;0;1;1
ENSG00000182782;0;0;0;0;1;0;1;0
ENSG00000182853;0;0;1;0;0;0;0;0
ENSG00000182902;1;1;0;1;0;0;1;1
ENSG00000182921;0;0;0;0;0;0;1;0
ENSG00000183023;1;1;1;1;1;1;1;1
ENSG00000183091;1;1;0;1;0;0;0;0
ENSG00000183092;0;1;0;1;0;0;0;0
ENSG00000183287;1;1;0;1;0;0;1;1
ENSG00000183421;1;1;1;1;1;1;1;0
ENSG00000183444;0;1;0;0;0;0;0;0
ENSG00000183474;0;0;0;0;0;0;0;1
ENSG00000183578;1;1;0;0;0;0;0;0
ENSG00000183615;0;0;0;0;0;0;1;0
ENSG00000183690;0;1;0;0;0;1;0;0
ENSG00000183691;0;0;0;0;0;0;0;1
ENSG00000183760;1;0;0;1;0;1;1;1
ENSG00000183763;1;0;0;1;0;0;1;0
ENSG00000183770;0;1;0;0;0;0;0;0
ENSG00000183775;0;0;0;1;0;1;1;0
ENSG00000183778;0;1;0;0;0;0;0;0
ENSG00000183840;1;0;0;0;1;1;1;1
ENSG00000183856;0;1;1;1;1;1;1;0
ENSG00000183876;0;0;0;0;0;1;1;1
ENSG00000183943;0;1;0;0;0;0;0;0
ENSG00000184106;0;0;0;0;0;0;0;1
ENSG00000184156;0;0;0;0;0;0;1;1
ENSG00000184178;0;1;0;0;0;0;0;0
ENSG00000184227;0;0;0;0;0;0;1;0
ENSG00000184408;1;1;1;1;1;1;1;0
ENSG00000184445;1;0;0;0;0;0;0;0
ENSG00000184524;0;0;1;0;0;0;0;0
ENSG00000184557;0;0;0;0;0;1;0;1
ENSG00000184584;0;0;0;0;0;1;1;0
ENSG00000184588;0;0;0;1;0;0;0;0
ENSG00000184601;0;0;0;0;1;1;1;1
ENSG00000184661;1;1;1;1;1;1;1;0
ENSG00000184785;0;1;0;0;0;0;0;0
ENSG00000184811;0;0;1;0;1;1;1;1
ENSG00000184828;0;0;0;0;1;0;1;0
ENSG00000184838;1;1;1;1;0;0;0;0
ENSG00000184979;0;0;0;0;0;0;0;1
ENSG00000185149;0;0;0;0;1;0;1;0
ENSG00000185306;0;0;0;0;0;0;1;0
ENSG00000185432;0;0;1;0;1;1;1;1
ENSG00000185633;0;0;0;0;0;0;0;1
ENSG00000185697;1;1;1;1;1;0;0;1
ENSG00000185742;0;0;1;0;0;1;1;1
ENSG00000185760;0;0;1;0;0;0;1;0
ENSG00000185818;0;0;0;0;1;0;1;1
ENSG00000185950;1;1;1;1;1;1;1;1
ENSG00000185972;0;1;0;1;1;0;1;1
ENSG00000186185;1;1;1;0;1;1;1;1
ENSG00000186193;0;0;0;1;1;1;1;0
ENSG00000186204;0;0;0;0;0;0;1;0
ENSG00000186205;0;0;0;0;1;1;1;1
ENSG00000186314;0;1;0;0;0;0;0;0
ENSG00000186417;0;0;0;0;1;1;1;0
ENSG00000186466;0;0;0;0;1;1;1;1
ENSG00000186472;0;1;1;1;0;1;0;0
ENSG00000186638;0;0;0;1;0;0;0;0
ENSG00000186767;0;0;0;0;0;0;1;0
ENSG00000186806;0;1;0;0;0;0;0;0
ENSG00000186871;1;1;0;0;1;1;1;0
ENSG00000187123;0;0;1;0;0;1;0;1
ENSG00000187134;1;1;1;1;1;1;1;1
ENSG00000187193;1;1;1;1;1;1;1;1
ENSG00000187210;1;1;0;0;0;0;0;0
ENSG00000187288;0;0;1;0;1;1;1;1
ENSG00000187323;0;1;0;1;0;0;0;0
ENSG00000187479;1;1;0;0;0;0;0;0
ENSG00000187608;0;0;0;0;0;0;0;1
ENSG00000187653;0;1;0;1;0;0;0;0
ENSG00000187667;0;0;0;0;0;0;0;1
ENSG00000187699;0;1;0;1;0;0;0;0
ENSG00000187720;1;1;1;1;1;0;0;0
ENSG00000187741;1;1;0;1;0;0;1;1
ENSG00000187758;0;0;0;0;0;0;1;0
ENSG00000187775;0;1;0;0;0;0;0;0
ENSG00000187796;0;0;0;0;0;0;1;0
ENSG00000187800;0;0;1;1;1;1;1;1
ENSG00000187837;0;0;0;0;0;0;1;0
ENSG00000187955;0;0;1;1;1;1;1;1
ENSG00000187990;0;1;0;0;0;0;0;0
ENSG00000188001;0;0;0;0;0;0;1;1
ENSG00000188015;0;0;1;1;0;0;0;0
ENSG00000188042;0;0;0;0;1;1;1;1
ENSG00000188064;0;0;1;0;1;1;0;0
ENSG00000188112;1;1;0;1;0;0;1;1
ENSG00000188211;1;0;0;0;0;0;0;0
ENSG00000188257;0;0;0;0;0;0;1;1
ENSG00000188501;1;1;1;0;1;1;1;1
ENSG00000188512;0;0;0;0;0;0;1;0
ENSG00000188517;1;1;0;1;0;1;1;1
ENSG00000188580;0;0;1;1;1;1;1;1
ENSG00000188581;1;1;1;1;1;1;1;1
ENSG00000188613;0;0;0;0;1;0;1;1
ENSG00000188641;1;1;0;0;0;0;0;0
ENSG00000188687;0;1;0;0;0;0;0;0
ENSG00000188729;0;0;0;1;0;1;0;1
ENSG00000188783;0;0;0;0;0;0;1;0
ENSG00000188818;1;1;0;0;0;0;0;0
ENSG00000188820;0;0;0;0;1;0;0;0
ENSG00000188897;0;1;0;0;0;0;0;0
ENSG00000188916;1;1;0;0;0;0;0;0
ENSG00000188985;0;1;0;0;0;0;0;0
ENSG00000189001;0;0;0;0;1;1;1;1
ENSG00000189056;0;0;0;0;1;0;1;0
ENSG00000189057;1;1;1;0;1;1;1;1
ENSG00000189058;0;0;1;1;1;1;1;1
ENSG00000189157;0;0;0;0;0;0;1;0
ENSG00000189171;0;0;0;0;0;0;0;1
ENSG00000189221;0;0;1;1;1;1;1;1
ENSG00000196104;0;0;0;1;0;0;1;1
ENSG00000196126;0;0;0;0;0;0;0;1
ENSG00000196139;0;0;1;0;1;1;1;1
ENSG00000196189;0;0;0;1;1;1;1;1
ENSG00000196352;1;1;0;0;0;0;0;0
ENSG00000196460;0;0;1;0;1;0;1;0
ENSG00000196468;0;0;0;1;1;0;1;1
ENSG00000196517;1;1;0;1;0;0;0;0
ENSG00000196526;1;1;0;1;0;0;0;0
ENSG00000196549;0;0;1;1;1;1;1;1
ENSG00000196569;0;0;1;1;1;1;1;1
ENSG00000196584;1;1;0;0;0;0;0;0
ENSG00000196604;0;1;0;0;0;0;0;0
ENSG00000196616;0;0;1;1;1;1;1;1
ENSG00000196715;0;0;0;0;0;0;1;0
ENSG00000196730;1;1;0;1;0;0;1;0
ENSG00000196754;0;0;1;1;1;1;1;0
ENSG00000197046;0;0;1;1;1;1;1;1
ENSG00000197106;1;1;0;0;0;0;0;0
ENSG00000197147;0;0;1;1;1;1;1;1
ENSG00000197275;0;0;0;0;0;0;1;0
ENSG00000197299;0;0;1;1;1;1;1;0
ENSG00000197405;0;1;0;0;0;0;0;0
ENSG00000197415;0;0;1;1;1;1;1;1
ENSG00000197467;0;0;1;1;1;0;1;1
ENSG00000197506;0;1;0;0;0;0;0;0
ENSG00000197580;0;1;0;0;0;0;0;0
ENSG00000197614;0;0;0;1;1;1;1;1
ENSG00000197632;0;1;1;1;1;0;0;1
ENSG00000197635;0;0;0;0;1;1;1;1
ENSG00000197646;1;1;1;1;0;1;1;1
ENSG00000197696;1;1;1;0;1;0;1;1
ENSG00000197766;0;0;0;0;1;1;1;1
ENSG00000197892;1;1;0;0;0;0;0;0
ENSG00000197921;1;1;1;1;1;1;1;1
ENSG00000197971;0;0;0;0;0;1;1;1
ENSG00000198074;0;0;0;0;0;0;1;1
ENSG00000198099;0;0;0;0;0;0;1;1
ENSG00000198133;0;0;0;0;1;0;1;0
ENSG00000198157;0;0;0;0;0;0;1;0
ENSG00000198168;0;0;0;0;0;1;0;0
ENSG00000198216;0;1;0;0;0;0;0;0
ENSG00000198223;0;0;0;0;0;0;1;0
ENSG00000198417;0;0;0;0;1;0;1;0
ENSG00000198502;0;0;0;0;0;1;0;0
ENSG00000198523;0;1;0;0;0;0;0;0
ENSG00000198535;1;1;1;1;1;1;1;1
ENSG00000198576;0;1;0;0;0;0;0;0
ENSG00000198624;0;0;1;1;1;1;1;1
ENSG00000198729;1;0;0;1;0;0;0;0
ENSG00000198732;1;1;0;0;0;0;0;0
ENSG00000198734;0;0;0;0;0;0;1;0
ENSG00000198744;0;0;0;0;0;0;0;1
ENSG00000198774;1;1;0;1;0;0;1;1
ENSG00000198794;0;0;0;0;0;0;1;0
ENSG00000198796;1;1;1;1;0;0;1;1
ENSG00000198826;1;1;1;1;1;1;1;1
ENSG00000198840;0;0;0;0;0;0;1;0
ENSG00000198846;1;1;1;0;0;0;0;1
ENSG00000198848;0;0;1;1;1;1;1;1
ENSG00000198865;0;1;0;0;0;0;0;0
ENSG00000198901;1;1;1;1;1;1;1;1
ENSG00000198919;0;1;0;0;0;0;0;0
ENSG00000198937;0;1;0;0;0;0;0;0
ENSG00000198947;1;1;1;1;0;0;0;0
ENSG00000198948;0;0;0;1;0;0;0;0
ENSG00000198959;0;1;1;1;1;1;1;1
ENSG00000203392;0;0;0;0;0;0;1;0
ENSG00000203446;0;1;0;0;0;0;0;0
ENSG00000203727;0;1;0;0;0;1;0;0
ENSG00000203760;1;1;1;1;0;0;0;0
ENSG00000203805;0;1;0;0;0;0;0;0
ENSG00000203837;0;0;0;0;0;0;0;1
ENSG00000203876;0;0;0;0;1;0;0;0
ENSG00000203878;0;0;0;0;0;0;1;0
ENSG00000203930;0;0;0;0;0;0;1;0
ENSG00000204103;1;1;1;1;1;0;1;0
ENSG00000204187;0;1;0;0;0;0;0;0
ENSG00000204252;0;0;0;0;1;0;1;1
ENSG00000204287;0;0;0;0;0;1;0;1
ENSG00000204291;1;1;1;0;0;0;1;0
ENSG00000204334;0;0;0;0;0;0;1;0
ENSG00000204397;1;1;1;1;1;1;1;1
ENSG00000204444;0;1;0;0;0;0;0;0
ENSG00000204634;1;1;0;1;0;0;1;1
ENSG00000204767;0;0;0;0;0;0;1;0
ENSG00000204941;0;0;0;1;1;1;1;0
ENSG00000204991;0;0;1;1;1;1;1;1
ENSG00000205213;0;0;0;0;1;0;1;1
ENSG00000205269;0;0;0;0;1;0;1;0
ENSG00000205403;0;0;0;1;1;0;1;1
ENSG00000205476;0;0;0;0;0;0;1;0
ENSG00000205502;0;1;0;0;0;0;0;0
ENSG00000205542;0;1;0;1;0;0;0;0
ENSG00000206150;0;1;0;0;0;0;0;0
ENSG00000206337;0;0;0;0;1;1;0;0
ENSG00000206538;0;1;0;0;0;0;0;0
ENSG00000207497;0;1;0;0;0;0;0;0
ENSG00000210107;0;0;0;0;0;0;1;0
ENSG00000211574;0;1;0;1;0;0;0;0
ENSG00000211772;0;0;0;1;1;0;0;1
ENSG00000211829;0;0;0;0;1;0;1;0
ENSG00000212670;1;0;0;0;0;0;0;0
ENSG00000212724;1;1;1;0;0;0;1;0
ENSG00000213005;0;0;0;0;0;1;0;1
ENSG00000213073;0;0;0;0;0;0;1;0
ENSG00000213139;0;0;0;0;1;0;0;0
ENSG00000213186;0;0;0;0;1;1;0;1
ENSG00000213199;0;1;0;0;0;0;0;0
ENSG00000213214;0;0;0;0;0;1;0;0
ENSG00000213452;0;0;1;1;1;1;1;1
ENSG00000213462;0;0;0;0;0;0;1;0
ENSG00000213630;0;1;0;0;0;0;0;0
ENSG00000213694;0;0;1;1;0;0;0;1
ENSG00000213742;0;0;0;1;0;0;0;0
ENSG00000213760;0;0;0;0;0;1;1;1
ENSG00000213763;0;1;0;0;0;0;0;0
ENSG00000213785;0;0;0;0;0;0;1;1
ENSG00000213903;0;1;0;0;0;0;0;0
ENSG00000213943;0;0;0;1;0;0;1;0
ENSG00000214018;1;1;1;0;1;0;1;0
ENSG00000214050;0;1;0;0;0;0;0;0
ENSG00000214357;0;1;1;0;1;1;1;1
ENSG00000214391;1;1;0;0;0;0;0;0
ENSG00000214456;0;0;0;0;1;1;1;1
ENSG00000214595;0;1;0;0;0;0;0;0
ENSG00000214783;0;1;0;0;0;0;0;0
ENSG00000214826;0;0;0;0;0;1;0;0
ENSG00000215035;0;0;0;0;1;0;1;0
ENSG00000215271;0;0;0;0;0;0;1;0
ENSG00000215788;0;0;0;0;0;1;1;0
ENSG00000216915;0;0;0;0;1;0;0;0
ENSG00000217791;0;0;0;0;0;0;1;0
ENSG00000218014;0;1;1;1;0;1;1;1
ENSG00000218261;0;1;0;0;0;0;0;0
ENSG00000220785;0;0;0;0;1;1;1;1
ENSG00000220884;1;1;1;0;0;0;1;0
ENSG00000221818;1;1;0;0;0;0;0;0
ENSG00000221852;1;1;1;1;0;0;1;0
ENSG00000221890;1;1;1;1;1;1;1;1
ENSG00000221955;0;0;0;0;0;0;1;0
ENSG00000222041;0;1;1;1;0;0;0;0
ENSG00000222112;1;1;0;0;0;0;0;0
ENSG00000223485;0;0;0;0;0;0;0;1
ENSG00000223561;0;0;0;0;1;0;0;0
ENSG00000223572;0;0;0;0;0;0;1;0
ENSG00000223573;1;1;1;1;0;0;0;0
ENSG00000223599;0;0;1;0;1;1;1;1
ENSG00000223865;0;0;0;0;0;0;0;1
ENSG00000223949;0;1;0;0;0;0;0;0
ENSG00000223969;0;1;0;0;0;0;0;0
ENSG00000224186;0;0;0;0;0;0;1;0
ENSG00000224251;0;0;0;1;0;0;0;0
ENSG00000224596;0;0;0;1;0;0;0;0
ENSG00000224837;0;0;0;0;1;0;1;0
ENSG00000224846;0;0;0;0;0;0;1;0
ENSG00000224953;0;1;0;0;0;0;0;0
ENSG00000224962;0;1;0;1;1;1;1;1
ENSG00000225177;0;1;1;0;0;0;0;0
ENSG00000225217;0;1;0;0;0;0;0;0
ENSG00000225308;0;0;0;0;0;0;1;0
ENSG00000225383;0;0;0;1;0;1;1;1
ENSG00000225462;0;0;0;0;0;0;1;0
ENSG00000225511;1;1;0;1;0;1;0;1
ENSG00000225531;0;0;0;0;0;0;1;0
ENSG00000225697;1;1;0;1;0;0;0;0
ENSG00000226025;0;0;0;0;0;0;1;0
ENSG00000226251;0;0;0;0;1;0;0;0
ENSG00000226405;0;0;0;0;0;0;1;0
ENSG00000226443;0;1;0;0;0;0;0;0
ENSG00000226445;0;0;0;1;0;0;0;0
ENSG00000226482;0;0;0;0;0;0;1;0
ENSG00000226549;0;0;0;0;1;1;1;1
ENSG00000226592;0;0;1;0;0;0;0;0
ENSG00000226604;1;1;0;0;0;0;0;0
ENSG00000226650;1;1;1;1;1;1;1;0
ENSG00000226674;0;1;0;0;0;0;0;0
ENSG00000227176;0;0;0;0;0;0;1;0
ENSG00000227232;1;1;0;0;0;0;0;0
ENSG00000227407;0;1;0;0;0;0;0;0
ENSG00000227471;0;0;0;0;1;0;1;1
ENSG00000227496;0;0;1;0;1;0;0;0
ENSG00000227502;0;1;1;1;1;0;1;1
ENSG00000227517;0;1;1;1;1;0;1;0
ENSG00000227591;0;0;0;0;1;0;1;0
ENSG00000227619;1;1;1;1;1;1;1;1
ENSG00000228118;0;0;0;1;0;0;0;0
ENSG00000228201;0;1;0;0;0;0;0;0
ENSG00000228203;1;1;0;1;0;0;0;0
ENSG00000228212;0;0;0;0;0;0;0;1
ENSG00000228214;0;0;0;0;1;0;1;0
ENSG00000228474;0;1;0;0;0;0;0;0
ENSG00000229400;0;1;0;0;1;0;1;0
ENSG00000229593;0;0;0;0;0;0;1;0
ENSG00000229619;0;1;0;0;0;0;0;0
ENSG00000229644;0;0;0;1;0;0;1;1
ENSG00000229880;1;0;0;0;0;0;0;0
ENSG00000229991;0;0;0;0;0;0;1;1
ENSG00000230043;0;0;0;0;0;1;0;0
ENSG00000230069;1;1;0;0;0;0;0;0
ENSG00000230076;0;0;0;0;0;0;0;1
ENSG00000230079;1;1;0;0;0;0;0;0
ENSG00000230333;0;1;0;0;0;0;0;0
ENSG00000230532;0;0;0;0;1;0;0;0
ENSG00000230658;0;0;0;0;0;0;0;1
ENSG00000230836;0;1;0;0;0;0;0;0
ENSG00000231007;0;1;0;0;1;0;0;1
ENSG00000231194;0;1;0;0;0;0;1;0
ENSG00000231231;0;0;0;1;0;0;0;1
ENSG00000231305;0;0;0;1;0;0;0;0
ENSG00000231434;0;0;0;0;0;0;0;1
ENSG00000231607;1;0;0;0;0;0;0;0
ENSG00000231611;0;0;0;0;0;1;0;0
ENSG00000231672;1;0;0;0;0;0;0;0
ENSG00000231880;1;1;0;0;0;0;0;0
ENSG00000232070;1;1;0;0;0;0;0;0
ENSG00000232387;1;1;0;1;0;0;0;0
ENSG00000232486;0;1;0;0;0;0;0;0
ENSG00000232679;1;1;0;0;1;0;0;0
ENSG00000232759;0;0;0;1;0;1;1;1
ENSG00000232882;1;1;0;0;0;0;0;0
ENSG00000232940;0;1;0;0;0;0;0;0
ENSG00000232949;0;0;0;0;0;0;1;0
ENSG00000233101;0;0;0;0;0;0;1;0
ENSG00000233308;0;0;0;0;1;1;1;1
ENSG00000233382;0;0;1;0;0;0;0;0
ENSG00000233452;0;0;1;0;1;1;1;0
ENSG00000233461;0;0;0;1;0;1;0;0
ENSG00000233491;0;0;0;1;0;0;1;0
ENSG00000233585;0;0;0;0;0;0;1;0
ENSG00000233929;1;1;1;1;1;1;1;1
ENSG00000234115;0;0;0;0;0;0;1;0
ENSG00000234362;0;0;0;0;0;0;1;0
ENSG00000234771;1;1;0;1;0;0;0;0
ENSG00000234810;0;1;0;0;0;0;0;0
ENSG00000234964;0;0;0;0;1;0;1;0
ENSG00000235162;0;0;1;1;1;0;1;1
ENSG00000235884;0;0;0;0;0;0;1;0
ENSG00000236024;1;1;0;0;0;0;0;0
ENSG00000236136;0;1;1;0;1;1;0;1
ENSG00000236333;0;0;0;0;1;0;1;0
ENSG00000236423;0;1;0;1;0;0;0;0
ENSG00000236453;0;0;0;0;0;1;1;0
ENSG00000236537;1;0;0;0;0;0;0;0
ENSG00000236683;0;0;1;0;0;0;0;0
ENSG00000236710;0;1;0;0;0;0;0;0
ENSG00000236714;0;0;0;0;0;0;1;0
ENSG00000236778;0;1;0;0;0;0;0;0
ENSG00000236882;0;0;0;0;1;0;1;0
ENSG00000236893;0;0;0;0;0;0;1;0
ENSG00000236901;0;0;0;0;1;0;1;0
ENSG00000237289;0;0;0;0;0;0;1;0
ENSG00000237424;1;1;1;0;0;0;0;0
ENSG00000237575;0;1;0;0;0;0;0;0
ENSG00000237649;1;1;0;1;1;0;1;1
ENSG00000237697;0;1;0;1;0;1;0;0
ENSG00000237807;0;1;0;1;0;0;0;0
ENSG00000237927;0;1;0;0;0;0;0;0
ENSG00000237939;0;0;0;0;1;0;1;0
ENSG00000238042;1;1;0;0;0;0;0;0
ENSG00000238045;0;1;1;0;0;0;0;0
ENSG00000238534;0;1;0;0;0;0;0;0
ENSG00000239264;0;1;0;0;0;0;0;0
ENSG00000239332;0;1;1;0;1;0;0;0
ENSG00000239470;0;1;0;0;0;0;0;0
ENSG00000239672;0;1;0;0;0;0;0;0
ENSG00000239763;0;1;0;0;0;0;0;0
ENSG00000240024;1;1;0;1;0;0;0;0
ENSG00000240038;0;0;0;0;0;0;1;1
ENSG00000240065;0;0;0;0;0;1;0;1
ENSG00000240244;0;1;0;0;0;0;0;0
ENSG00000240445;1;1;0;0;0;0;0;0
ENSG00000240476;0;0;0;0;1;0;0;1
ENSG00000240694;1;1;0;0;0;0;0;0
ENSG00000240764;0;0;0;0;0;0;1;0
ENSG00000241399;0;0;0;0;0;1;1;0
ENSG00000241956;1;1;0;1;0;0;1;0
ENSG00000241990;0;0;0;0;0;0;0;1
ENSG00000242147;0;0;0;1;1;0;1;1
ENSG00000242574;0;0;0;0;0;1;0;0
ENSG00000242670;0;1;0;0;0;0;0;0
ENSG00000242759;0;1;0;0;1;0;1;0
ENSG00000242951;0;0;0;0;0;0;1;1
ENSG00000243244;0;0;0;0;0;0;1;0
ENSG00000243854;0;1;0;0;0;0;0;0
ENSG00000243989;0;0;0;0;0;0;0;1
ENSG00000244879;0;0;0;1;0;0;0;0
ENSG00000245293;0;0;0;0;0;0;1;0
ENSG00000245468;0;0;0;0;0;0;1;0
ENSG00000245552;0;0;0;0;0;1;0;0
ENSG00000245812;0;0;0;0;1;0;0;0
ENSG00000245848;0;0;0;0;1;0;1;0
ENSG00000246339;0;0;0;1;1;0;0;0
ENSG00000246430;1;1;0;0;0;0;0;0
ENSG00000246560;0;0;0;0;1;0;0;0
ENSG00000246877;0;1;0;0;0;0;0;0
ENSG00000247270;0;1;0;0;0;0;0;0
ENSG00000247626;1;1;0;1;0;0;0;0
ENSG00000247679;0;1;0;0;0;0;0;0
ENSG00000248476;0;1;0;0;0;0;0;0
ENSG00000248590;0;0;0;1;1;0;0;0
ENSG00000248698;1;1;1;1;1;1;1;1
ENSG00000248869;0;0;1;1;1;0;1;0
ENSG00000248890;0;0;0;1;0;0;0;0
ENSG00000248905;0;0;0;0;0;0;1;0
ENSG00000249115;1;0;0;0;0;0;0;0
ENSG00000249242;0;0;0;0;1;1;1;1
ENSG00000249256;0;1;0;0;0;0;0;0
ENSG00000249459;1;1;0;0;0;0;0;0
ENSG00000249476;0;0;0;0;0;0;1;0
ENSG00000249669;1;1;0;0;0;0;0;0
ENSG00000249825;1;0;0;0;0;0;0;0
ENSG00000250240;0;0;0;0;1;0;1;0
ENSG00000250337;0;0;0;0;1;1;1;1
ENSG00000250479;0;0;0;0;1;0;0;0
ENSG00000250510;0;0;0;0;0;0;0;1
ENSG00000250548;0;0;0;0;1;0;0;0
ENSG00000250802;0;0;0;0;1;0;1;1
ENSG00000250899;0;0;0;0;0;1;0;0
ENSG00000250927;0;1;1;1;0;0;0;0
ENSG00000250934;0;0;0;0;1;0;0;0
ENSG00000251194;0;1;0;0;0;0;0;0
ENSG00000253161;0;0;0;1;1;0;1;0
ENSG00000253368;0;0;1;0;1;1;1;1
ENSG00000253661;0;1;0;0;0;0;0;0
ENSG00000253746;0;0;1;0;0;0;1;0
ENSG00000253837;0;0;1;0;0;0;0;0
ENSG00000253864;1;1;0;0;0;0;0;0
ENSG00000253948;0;0;0;0;0;1;0;0
ENSG00000254211;0;0;0;0;0;0;1;0
ENSG00000254295;0;1;0;0;0;0;0;0
ENSG00000254300;0;1;1;1;1;0;1;0
ENSG00000254343;0;1;0;1;0;0;0;0
ENSG00000254560;0;0;1;1;0;0;1;0
ENSG00000254965;0;0;0;0;0;0;1;0
ENSG00000255103;0;1;0;0;0;0;0;0
ENSG00000255112;0;1;0;0;0;0;0;0
ENSG00000255353;0;0;0;0;1;1;1;1
ENSG00000255364;1;1;1;1;1;1;0;1
ENSG00000255398;0;0;0;0;1;0;1;0
ENSG00000255471;0;0;0;0;1;0;1;0
ENSG00000255587;0;1;0;0;0;0;0;0
ENSG00000256268;0;0;0;1;0;0;0;0
ENSG00000256663;1;0;0;1;1;0;1;1
ENSG00000256802;0;0;1;0;1;0;1;0
ENSG00000256940;0;0;0;0;0;1;1;0
ENSG00000257017;0;0;1;0;1;1;1;1
ENSG00000257335;1;1;1;1;0;1;1;1
ENSG00000257354;0;0;0;0;0;0;0;1
ENSG00000257698;0;1;0;0;0;0;0;0
ENSG00000257743;1;1;0;0;0;0;0;0
ENSG00000258017;1;1;0;1;0;0;0;0
ENSG00000258445;1;1;0;0;1;0;0;1
ENSG00000258498;0;0;0;0;0;1;1;0
ENSG00000258603;0;0;0;0;0;0;1;0
ENSG00000258643;1;1;0;0;0;1;0;0
ENSG00000258655;0;0;0;0;0;0;1;0
ENSG00000258708;0;0;0;0;0;0;1;0
ENSG00000258759;0;0;0;0;0;0;0;1
ENSG00000258947;0;0;0;0;1;0;1;0
ENSG00000259340;0;1;0;1;0;1;0;1
ENSG00000259358;0;1;1;0;1;1;1;0
ENSG00000259659;0;0;0;0;0;0;1;0
ENSG00000259807;0;0;1;1;1;1;1;1
ENSG00000259895;0;1;0;0;0;0;0;0
ENSG00000260025;0;1;1;1;0;0;0;0
ENSG00000260105;0;0;0;0;0;0;1;0
ENSG00000260196;0;1;0;0;0;0;0;0
ENSG00000260231;0;1;0;0;0;0;0;0
ENSG00000260248;1;1;1;1;1;0;0;1
ENSG00000260317;1;1;0;0;0;0;0;0
ENSG00000260456;0;0;0;0;1;0;0;0
ENSG00000260563;0;1;0;1;0;1;1;0
ENSG00000260743;0;1;0;0;0;0;0;0
ENSG00000260751;0;0;0;0;0;0;0;1
ENSG00000260793;0;1;0;0;0;0;0;0
ENSG00000260806;0;1;0;0;0;0;0;0
ENSG00000260912;0;1;1;1;1;0;1;1
ENSG00000260941;1;1;0;1;1;0;0;0
ENSG00000260944;0;0;0;0;0;0;1;0
ENSG00000260977;1;1;0;0;1;0;0;0
ENSG00000261026;0;0;0;0;0;0;0;1
ENSG00000261051;0;0;0;0;1;0;1;0
ENSG00000261088;0;0;0;0;0;0;1;0
ENSG00000261115;0;0;0;0;0;0;1;1
ENSG00000261220;0;0;0;0;0;0;1;0
ENSG00000261324;0;1;0;0;0;0;0;0
ENSG00000261468;0;0;1;0;0;0;0;0
ENSG00000261485;0;1;1;0;0;0;0;0
ENSG00000261553;1;1;1;1;1;0;1;1
ENSG00000261556;1;1;0;0;0;0;0;0
ENSG00000261578;1;1;0;0;0;0;0;0
ENSG00000261701;0;0;0;0;1;0;1;0
ENSG00000262580;1;1;0;1;0;0;0;0
ENSG00000262585;0;1;0;0;0;0;0;0
ENSG00000263050;1;0;1;1;1;0;0;0
ENSG00000263916;0;0;0;0;0;1;0;0
ENSG00000264179;0;1;0;0;0;0;0;0
ENSG00000264301;0;0;0;0;0;0;1;1
ENSG00000264868;0;1;0;0;0;0;0;0
ENSG00000265273;0;0;0;0;1;1;1;1
ENSG00000265787;0;0;0;0;1;0;0;0
ENSG00000266835;0;0;0;0;0;0;1;0
ENSG00000266865;0;0;0;0;0;0;1;0
ENSG00000266899;0;0;0;0;0;0;1;0
ENSG00000267009;0;0;0;1;0;0;0;0
ENSG00000267253;0;0;0;0;0;0;1;0
ENSG00000267279;0;0;0;1;0;0;0;0
ENSG00000267365;0;1;0;0;0;0;0;0
ENSG00000267473;0;0;0;0;0;0;1;1
ENSG00000267519;0;0;0;0;0;0;1;0
ENSG00000267534;0;0;0;0;0;1;0;0
ENSG00000267577;0;0;0;1;1;1;1;1
ENSG00000267653;0;0;0;0;1;1;1;1
ENSG00000267742;0;0;0;0;0;0;1;0
ENSG00000267759;0;0;0;1;1;0;0;0
ENSG00000267904;0;1;0;0;0;0;0;0
ENSG00000268030;0;1;0;0;0;0;0;0
ENSG00000268941;0;1;0;0;0;0;0;0
ENSG00000269113;1;1;0;1;0;0;0;1
ENSG00000269386;0;0;0;0;0;0;0;1
ENSG00000269399;0;1;0;0;0;0;0;0
ENSG00000269783;1;0;0;0;0;0;0;0
ENSG00000269927;0;1;0;0;0;0;0;0
ENSG00000269929;0;0;1;1;0;1;1;1
ENSG00000269936;1;1;0;0;0;0;0;0
ENSG00000269982;0;0;0;1;0;0;0;0
ENSG00000269988;0;1;0;0;0;0;0;0
ENSG00000269997;0;0;0;0;0;1;0;0
ENSG00000270143;1;0;0;0;0;0;0;0
ENSG00000270145;0;0;0;0;0;0;0;1
ENSG00000270393;1;1;0;0;0;0;0;0
ENSG00000270558;0;1;0;0;0;0;0;0
ENSG00000270975;0;0;0;0;0;1;0;0
ENSG00000271216;1;0;0;0;0;0;0;0
ENSG00000271239;0;0;0;0;0;0;1;0
ENSG00000271584;0;1;0;0;0;0;0;0
ENSG00000271738;0;0;0;0;1;0;1;1
ENSG00000271824;0;1;0;0;1;0;0;1
ENSG00000271858;0;1;0;0;0;0;0;0
ENSG00000271862;0;0;0;0;0;1;0;0
ENSG00000271912;0;1;0;0;0;0;0;0
ENSG00000271992;0;1;0;0;0;0;0;0
ENSG00000272217;0;1;0;0;0;0;0;0
ENSG00000272327;1;1;1;1;1;1;1;1
ENSG00000272365;0;0;1;1;0;0;0;0
ENSG00000272434;0;1;0;0;0;0;0;0
ENSG00000272455;0;1;0;0;0;0;0;0
ENSG00000272622;0;1;0;0;0;0;0;0
ENSG00000272631;0;1;0;0;0;0;0;0
ENSG00000272692;0;0;0;0;1;0;0;0
ENSG00000272720;0;1;0;0;0;0;0;0
ENSG00000272758;0;0;0;0;0;0;0;1
ENSG00000272761;1;1;1;1;1;1;1;1
ENSG00000272796;1;1;0;0;0;0;0;0
ENSG00000273081;0;0;1;0;0;0;0;0
ENSG00000273193;0;0;0;0;0;0;1;0
ENSG00000273271;0;0;0;0;0;1;1;0
ENSG00000273350;1;0;0;0;0;0;0;0
ENSG00000273486;0;0;0;0;0;0;1;0
